,STATE_ABBR,DATA_YEAR,HATE_CRIMES,POPULATION_SAME_AREA,TOTAL_CRIMES_SAME_AREA,STATE_POPULATION,STATE_TOTAL_CRIMES,HATE_CRIMES_100K,HATE_CRIMES_PCT_TOTAL_CRIME
0,AK,2008,8,286625.0,24112.0,686293.0,44822.0,1.165682878887006,0.017848378028646646
1,AK,2009,9,289884.0,26148.0,698473.0,45690.0,1.2885251112068756,0.01969796454366382
2,AK,2010,7,291826.0,25378.0,714146.0,45233.0,0.980191725501508,0.015475427232330379
3,AK,2011,8,296955.0,23812.0,723860.0,42826.0,1.105186085707181,0.018680240975108578
4,AK,2012,6,299143.0,26141.0,730307.0,44673.0,0.821572297677552,0.013430931435095024
5,AK,2013,8,299455.0,29008.0,737259.0,47285.0,1.0851003514368764,0.016918684572274505
6,AK,2014,6,301306.0,28353.0,737046.0,45497.0,0.8140604521291751,0.013187682704354133
7,AK,2015,8,311245.0,31411.0,737709.0,47185.0,1.084438443885055,0.01695454063791459
8,AK,2016,11,341646.0,41060.0,741522.0,55862.0,1.483435420661828,0.01969138233503992
9,AK,2017,4,592405.0,52339.0,739795.0,58680.0,0.5406903263741982,0.006816632583503749
10,AL,2008,11,244818.0,21395.0,4661900.0,402570.0,0.23595529719642205,0.0027324440469980375
11,AL,2009,9,377714.0,43089.0,4708708.0,377692.0,0.19113523284943557,0.0023828939982843164
12,AL,2010,19,365199.0,23248.0,4785401.0,356757.0,0.39704091673822106,0.005325753944561705
13,AL,2011,83,1203083.0,98237.0,4803689.0,367345.0,1.7278387505935542,0.022594563693530606
14,AL,2012,6,82332.0,4537.0,4817528.0,360489.0,0.12454520243577204,0.0016644058487221523
15,AL,2013,6,252900.0,22015.0,4833996.0,345265.0,0.12412091362922105,0.0017377956062734421
16,AL,2014,9,144008.0,10866.0,4846411.0,330146.0,0.18570443158865396,0.0027260666493006125
17,AL,2015,10,333091.0,42181.0,4853875.0,313297.0,0.2060209626329479,0.003191859481578183
18,AL,2016,14,355949.0,38750.0,4860545.0,313450.0,0.28803354356353045,0.004466422076886266
19,AL,2017,10,100193.0,3940.0,4874747.0,314574.0,0.205138851308591,0.0031789022614710687
20,AR,2008,92,803934.0,96709.0,2855390.0,236075.0,3.2219766826948333,0.038970666101874406
21,AR,2009,75,1034738.0,114486.0,2889450.0,233673.0,2.5956496911176865,0.0320961343415799
22,AR,2010,63,927149.0,91817.0,2921588.0,222987.0,2.1563615403677727,0.028252768098588708
23,AR,2011,36,503997.0,45781.0,2938582.0,235645.0,1.2250806681589965,0.015277217848882854
24,AR,2012,51,753997.0,69457.0,2949828.0,233190.0,1.7289143638205346,0.021870577640550625
25,AR,2013,27,600927.0,49445.0,2958765.0,227176.0,0.91254290219061,0.01188505828080431
26,AR,2014,10,326183.0,27672.0,2966835.0,213605.0,0.33705952639765946,0.004681538353502961
27,AR,2015,5,154367.0,15410.0,2977853.0,211038.0,0.16790620624993913,0.0023692415583923274
28,AR,2016,12,348898.0,49697.0,2988231.0,213288.0,0.4015753802165897,0.005626195566557894
29,AR,2017,26,359868.0,30916.0,3004279.0,202183.0,0.8654322717696992,0.012859637061474012
30,AZ,2008,185,4969559.0,442455.0,6500180.0,567397.0,2.846075031768351,0.03260503668507236
31,AZ,2009,219,4912372.0,380625.0,6595778.0,503711.0,3.3203058077455,0.04347731139482759
32,AZ,2010,236,4508992.0,350799.0,6413158.0,481962.0,3.6799342851057153,0.0489665160323843
33,AZ,2011,193,4562343.0,356759.0,6467315.0,488326.0,2.9842368896520424,0.03952277781645868
34,AZ,2012,176,4435911.0,332232.0,6551149.0,493436.0,2.6865516262872364,0.035668252823061145
35,AZ,2013,201,4605022.0,380027.0,6634997.0,475912.0,3.029390970335028,0.04223469885188858
36,AZ,2014,265,4872915.0,365180.0,6728783.0,454998.0,3.938305039707775,0.05824201425061209
37,AZ,2015,276,4938380.0,356470.0,6817565.0,443526.0,4.048366242199378,0.06222859539237835
38,AZ,2016,217,4935528.0,369744.0,6908642.0,448320.0,3.1409935556076,0.04840292648108494
39,AZ,2017,264,4872969.0,352645.0,7016270.0,445857.0,3.7626830210353934,0.05921181006466199
40,CA,2008,1382,29174102.0,2016994.0,36756666.0,2358019.0,3.75986222471864,0.05860851842160729
41,CA,2009,1018,28304145.0,1936659.0,36961664.0,2202984.0,2.7542050054889304,0.046210049641758635
42,CA,2010,1092,28309745.0,1834702.0,37338198.0,2135876.0,2.9246189117107364,0.051126563527096144
43,CA,2011,1040,28833262.0,1796808.0,37683933.0,2109787.0,2.7597968609062113,0.04929407565787447
44,CA,2012,910,28755957.0,1933819.0,37999878.0,2267285.0,2.394744530495598,0.04013610992883559
45,CA,2013,842,27969517.0,1776504.0,38431393.0,2200011.0,2.190917201465999,0.03827253591004772
46,CA,2014,759,26900313.0,1579298.0,38792291.0,2055296.0,1.9565743100865065,0.036928987357538766
47,CA,2015,837,27846864.0,1787232.0,38993940.0,2224091.0,2.1464873772693913,0.03763335223244013
48,CA,2016,931,27507742.0,1772693.0,39296476.0,2186702.0,2.3691691845345115,0.04257553155391087
49,CA,2017,1094,29632423.0,1817433.0,39536653.0,2160503.0,2.7670526384719514,0.05063635644106951
50,CO,2008,164,2912435.0,228514.0,4939456.0,297449.0,3.3202036823488257,0.055135502220548735
51,CO,2009,208,3671774.0,242719.0,5024748.0,286506.0,4.139511075978337,0.07259882864582243
52,CO,2010,154,3517571.0,234044.0,5047692.0,287361.0,3.0508993020968793,0.053591127536443704
53,CO,2011,186,3465889.0,235201.0,5116302.0,282708.0,3.635438252081288,0.06579226622522179
54,CO,2012,189,3359944.0,240084.0,5189458.0,295589.0,3.6419988368727525,0.06394013309020295
55,CO,2013,129,3502491.0,243790.0,5272086.0,296899.0,2.4468493116386947,0.043449119060690676
56,CO,2014,94,3413776.0,213869.0,5355588.0,289011.0,1.7551760889747305,0.03252471359221621
57,CO,2015,107,3631560.0,230664.0,5448819.0,306308.0,1.9637282868085726,0.034932159786881176
58,CO,2016,105,3242911.0,212951.0,5530105.0,324262.0,1.8986981259849498,0.03238122259160802
59,CO,2017,87,3865494.0,252341.0,5607154.0,324658.0,1.55158927327482,0.026797429910860045
60,CT,2008,179,2585585.0,154520.0,3501252.0,185658.0,5.112456915411972,0.09641383619343093
61,CT,2009,200,2375341.0,134238.0,3518288.0,176241.0,5.684582956255998,0.11348097207800682
62,CT,2010,147,2159943.0,113975.0,3575498.0,167031.0,4.111315402777459,0.0880076153528387
63,CT,2011,142,2367153.0,128514.0,3586717.0,164692.0,3.9590522475009875,0.08622155295946372
64,CT,2012,149,2494698.0,133876.0,3591765.0,164915.0,4.148378304259883,0.09034957402298154
65,CT,2013,144,2472445.0,126299.0,3599341.0,152265.0,4.000732356284109,0.0945719633533642
66,CT,2014,125,2732635.0,116622.0,3594762.0,147533.0,3.4772816670477766,0.0847268068838836
67,CT,2015,93,2328908.0,99257.0,3584730.0,139444.0,2.594337648860584,0.06669343966036545
68,CT,2016,108,2355256.0,100940.0,3587685.0,138334.0,3.0102977268071194,0.07807191290644383
69,CT,2017,114,2227594.0,99255.0,3588184.0,135540.0,3.177094597155553,0.08410801239486498
70,DC,2008,42,591833.0,77427.0,591833.0,68982.0,7.096596506108987,0.06088544837783769
71,DC,2009,37,599657.0,73223.0,599657.0,65134.0,6.17019396088097,0.05680596923265883
72,DC,2010,57,601723.0,69261.0,604912.0,65679.0,9.422858200862274,0.08678573059882154
73,DC,2011,83,617996.0,74235.0,619020.0,66802.0,13.40829052373106,0.12424777701266429
74,DC,2012,72,632323.0,77297.0,633427.0,69431.0,11.366739971614724,0.10370007633477842
75,DC,2013,72,646449.0,79026.0,649111.0,70611.0,11.092093648081761,0.10196711560521732
76,DC,2014,70,658893.0,84695.0,659836.0,76703.0,10.608696706454332,0.09126109800138195
77,DC,2015,65,672228.0,79965.0,670377.0,71665.0,9.696036707703279,0.09069978371590037
78,DC,2016,115,681170.0,81229.0,684336.0,73196.0,16.804610600640622,0.15711241051423575
79,DC,2017,194,693972.0,73406.0,693972.0,66656.0,27.955018358089372,0.2910465674507921
80,DE,2008,62,809221.0,67803.0,873092.0,69319.0,7.1011989572691085,0.08944156724707511
81,DE,2009,37,763112.0,56086.0,885122.0,65391.0,4.180214704865544,0.05658271015889037
82,DE,2010,20,364482.0,43478.0,899792.0,68065.0,2.222735921190675,0.029383677367222506
83,DE,2011,16,650073.0,50438.0,908137.0,67762.0,1.7618487078491463,0.023612053953543283
84,DE,2012,10,638656.0,46170.0,917053.0,66688.0,1.0904495160039824,0.014995201535508637
85,DE,2013,13,743860.0,48624.0,925240.0,62807.0,1.4050408542648394,0.020698329804002737
86,DE,2014,13,786893.0,50037.0,935968.0,60612.0,1.3889363738931244,0.021447898105985613
87,DE,2015,11,669002.0,29819.0,944076.0,56011.0,1.165160431999119,0.019638999482244558
88,DE,2016,15,573361.0,32187.0,952698.0,57780.0,1.574475856987209,0.02596053997923157
89,DE,2017,29,605243.0,34508.0,961939.0,51455.0,3.014744178165144,0.05635992614906229
90,FL,2008,153,9720127.0,933808.0,18328340.0,1646594.0,0.8347728163052409,0.009291908023471481
91,FL,2009,130,7836157.0,745073.0,18537969.0,1539788.0,0.7012634447711072,0.008442720686224337
92,FL,2010,136,9284708.0,751444.0,18838613.0,1441949.0,0.7219215130116001,0.009431678929005117
93,FL,2011,123,7389884.0,555176.0,19082262.0,1442385.0,0.6445776711377299,0.00852754292369929
94,FL,2012,144,9186298.0,664419.0,19320749.0,1361810.0,0.7453127205368695,0.010574162328078073
95,FL,2013,119,8677639.0,619280.0,19600311.0,1308006.0,0.6071332235493611,0.009097817594108895
96,FL,2014,65,5071929.0,330181.0,19905569.0,1260421.0,0.32654178335721024,0.005157007063512906
97,FL,2015,72,5356877.0,337132.0,20244914.0,1235667.0,0.35564487949911766,0.005826812563579023
98,FL,2016,110,10477420.0,650990.0,20656589.0,1197794.0,0.5325177356242118,0.0091835490910791
99,FL,2017,145,11826251.0,673688.0,20984400.0,1140857.0,0.6909894969596463,0.01270974364008811
100,GA,2008,12,543798.0,96011.0,9685744.0,824816.0,0.12389342522371023,0.0014548699346278442
101,GA,2009,11,559379.0,85024.0,9829211.0,765395.0,0.11191132228212418,0.0014371664304052155
102,GA,2010,17,645220.0,87494.0,9712157.0,747157.0,0.17503835656692945,0.0022752915384584497
103,GA,2011,17,1026202.0,131519.0,9812460.0,752471.0,0.1732491138817381,0.0022592232790366673
104,GA,2012,21,892385.0,58478.0,9915646.0,717862.0,0.21178650387478537,0.0029253533408928178
105,GA,2013,57,1183288.0,103728.0,9994759.0,718252.0,0.5702988936501621,0.007935933349298019
106,GA,2014,41,1912126.0,129322.0,10097132.0,718304.0,0.40605589785297447,0.005707889695727714
107,GA,2015,44,2077267.0,139860.0,10199398.0,671797.0,0.4313980099609801,0.006549597571885554
108,GA,2016,39,1918056.0,135329.0,10313620.0,655964.0,0.37814074980462725,0.00594544822581727
109,GA,2017,27,2359322.0,149729.0,10429379.0,634777.0,0.2588840620328401,0.00425346223949513
110,GM,2015,1,0.0,7243.0,,,,
111,IA,2008,33,793664.0,80717.0,3002555.0,155801.0,1.0990639638574482,0.02118086533462558
112,IA,2009,17,569674.0,44212.0,3007856.0,149207.0,0.5651866312749014,0.011393567325929749
113,IA,2010,17,576823.0,54187.0,3050202.0,146155.0,0.5573401368171681,0.011631487119838527
114,IA,2011,15,668994.0,58581.0,3064097.0,152487.0,0.4895406379106145,0.009836904129532354
115,IA,2012,8,154897.0,15755.0,3075039.0,149433.0,0.26015930204462445,0.005353569827280453
116,IA,2013,10,203363.0,12171.0,3092341.0,144854.0,0.32337960140877087,0.006903502837339666
117,IA,2014,11,537528.0,47688.0,3109481.0,139087.0,0.35375678449233167,0.007908719003213816
118,IA,2015,6,363684.0,31106.0,3121997.0,138435.0,0.19218468179181467,0.004334164048109221
119,IA,2016,17,531780.0,38902.0,3130869.0,141321.0,0.5429802396714778,0.012029351617947793
120,IA,2017,10,293388.0,15888.0,3145711.0,143364.0,0.31789315674580404,0.006975251806590218
121,ID,2008,30,673329.0,37858.0,1523816.0,67822.0,1.9687416328480603,0.04423343457875026
122,ID,2009,35,521641.0,32921.0,1545801.0,66485.0,2.264198302368804,0.05264345341054373
123,ID,2010,28,666591.0,35499.0,1571102.0,66575.0,1.7821885530029242,0.04205782951558393
124,ID,2011,37,629495.0,32552.0,1583744.0,69179.0,2.3362361593792933,0.05348443891932523
125,ID,2012,35,549694.0,31561.0,1595590.0,67251.0,2.1935459610551584,0.052043835779393616
126,ID,2013,32,610150.0,29951.0,1612843.0,64127.0,1.9840740853263459,0.049900977747282735
127,ID,2014,26,602380.0,29370.0,1634806.0,64545.0,1.5904027756198595,0.04028197381671702
128,ID,2015,34,750850.0,37076.0,1652828.0,61660.0,2.0570803495584538,0.05514109633473889
129,ID,2016,27,822007.0,37148.0,1680026.0,62782.0,1.6071179850788022,0.04300595712146794
130,ID,2017,42,733801.0,37438.0,1716943.0,60227.0,2.4462081734804246,0.06973616484301061
131,IL,2008,120,4910567.0,468051.0,12901563.0,826099.0,0.9301198622213449,0.014526104014167793
132,IL,2009,129,5094695.0,435066.0,12910409.0,772750.0,0.9991937513366151,0.01669362665803947
133,IL,2010,94,4618136.0,431929.0,12841980.0,757383.0,0.7319743528645893,0.012411157895014808
134,IL,2011,69,4461095.0,405323.0,12859752.0,746555.0,0.5365577812076002,0.00924245367052662
135,IL,2012,85,4906472.0,414192.0,12868192.0,722294.0,0.6605434547448469,0.011768061204994087
136,IL,2013,107,4556604.0,351848.0,12890552.0,646397.0,0.8300653067455916,0.01655329464709768
137,IL,2014,109,4782750.0,326116.0,12882189.0,589456.0,0.84612948932825,0.018491626177356748
138,IL,2015,90,4638446.0,316140.0,12839047.0,566040.0,0.700986607495089,0.0158999364002544
139,IL,2016,111,4534922.0,336055.0,12835726.0,585111.0,0.8647738351535394,0.018970759394371324
140,IL,2017,84,4445115.0,330694.0,12802023.0,572984.0,0.656146298128038,0.014660095220808958
141,IN,2008,61,982093.0,85310.0,6376792.0,450157.0,0.9565938484429162,0.013550827822293112
142,IN,2009,55,810944.0,59718.0,6423113.0,422418.0,0.856282615610219,0.013020278491920325
143,IN,2010,94,1559271.0,166302.0,6490622.0,420717.0,1.448243327064802,0.022342810012431158
144,IN,2011,101,1371125.0,159167.0,6516353.0,434801.0,1.549946726336035,0.02322901741256345
145,IN,2012,37,363289.0,29928.0,6537782.0,419748.0,0.5659411708741588,0.008814812697142094
146,IN,2013,75,1503581.0,162552.0,6570713.0,399583.0,1.1414286394794597,0.01876956727388302
147,IN,2014,51,1427310.0,143675.0,6597880.0,374738.0,0.7729755618471387,0.013609508509945615
148,IN,2015,63,1585535.0,159705.0,6612768.0,369841.0,0.9527024084316885,0.017034347192442158
149,IN,2016,79,1629684.0,165733.0,6634007.0,364202.0,1.1908338354180212,0.02169125924624247
150,IN,2017,98,1776043.0,163682.0,6666818.0,349630.0,1.469966631757459,0.02802963132454309
151,KS,2008,115,1130370.0,126195.0,2802134.0,202197.0,4.104015011416299,0.05687522564627566
152,KS,2009,122,1242105.0,106806.0,2818747.0,194171.0,4.328164251704747,0.06283121578402542
153,KS,2010,58,947343.0,86373.0,2859143.0,189556.0,2.028579892646153,0.030597818059043238
154,KS,2011,69,1143525.0,98381.0,2870386.0,188264.0,2.403857878348069,0.03665066077423193
155,KS,2012,84,1077375.0,126469.0,2885398.0,193236.0,2.9112101692730086,0.04347016083959511
156,KS,2013,68,1006064.0,96350.0,2895801.0,181921.0,2.3482276579088133,0.037378862253395706
157,KS,2014,75,1325916.0,107093.0,2902507.0,170891.0,2.58397309636118,0.04388762427512274
158,KS,2015,62,1213490.0,110845.0,2906721.0,172258.0,2.1329876517216477,0.03599252284364152
159,KS,2016,52,1110051.0,96989.0,2907731.0,176779.0,1.7883359911903818,0.029415258599720554
160,KS,2017,77,1145603.0,110793.0,2913123.0,175788.0,2.6432114263627042,0.04380276241836758
161,KY,2008,79,414493.0,142716.0,4269245.0,241981.0,1.8504442823028426,0.03264719130840851
162,KY,2009,153,1204768.0,75245.0,4314113.0,229608.0,3.546499593311534,0.06663530887425526
163,KY,2010,173,1424042.0,86883.0,4347223.0,233634.0,3.9795520036584273,0.07404744172509138
164,KY,2011,157,1593953.0,113665.0,4366814.0,249216.0,3.5952985403087925,0.06299756034925526
165,KY,2012,204,2258891.0,183665.0,4379730.0,236155.0,4.657821372550362,0.0863839427494654
166,KY,2013,172,2271525.0,169003.0,4399583.0,218810.0,3.9094614194117945,0.07860701064850784
167,KY,2014,165,2346466.0,168612.0,4412617.0,209843.0,3.7392776214205763,0.07863021401714615
168,KY,2015,188,2131040.0,161068.0,4424611.0,205346.0,4.2489610951109595,0.09155279382116038
169,KY,2016,214,2302428.0,166370.0,4436113.0,206465.0,4.824043030463831,0.10364952897585547
170,KY,2017,378,2945147.0,184070.0,4454189.0,200221.0,8.486393370375616,0.18879138551900151
171,LA,2008,67,748444.0,64479.0,4410796.0,372808.0,1.5190001986036081,0.01797171734512135
172,LA,2009,13,611738.0,51615.0,4492076.0,374827.0,0.28939848746993596,0.003468266693701361
173,LA,2010,13,503046.0,33607.0,4545343.0,357284.0,0.28600701861223676,0.0036385620402816805
174,LA,2011,5,216323.0,15840.0,4574766.0,363129.0,0.10929520766745228,0.001376921149233468
175,LA,2012,4,648581.0,44604.0,4602134.0,348757.0,0.08691620018017727,0.0011469303841930055
176,LA,2013,24,972858.0,84317.0,4629284.0,355957.0,0.5184387045599277,0.006742387423199993
177,LA,2014,9,556180.0,54703.0,4648990.0,346995.0,0.19359043577207094,0.0025936973155232784
178,LA,2015,38,1347816.0,117276.0,4668960.0,341196.0,0.8138857475754773,0.011137293520439864
179,LA,2016,26,870849.0,74365.0,4686157.0,336033.0,0.5548256279078998,0.007737335321233331
180,LA,2017,42,1524072.0,120856.0,4684333.0,342110.0,0.8966057707682182,0.012276753091111045
181,MA,2008,336,3041185.0,213446.0,6497967.0,342666.0,5.17084805139823,0.09805466547600288
182,MA,2009,317,3236427.0,217525.0,6593587.0,337567.0,4.807701786599616,0.09390728359110932
183,MA,2010,316,3026747.0,206774.0,6555466.0,340386.0,4.8204048346829955,0.09283578055501696
184,MA,2011,368,3136698.0,209240.0,6607003.0,326454.0,5.569847629855776,0.11272644844296593
185,MA,2012,290,3259550.0,189101.0,6645303.0,314312.0,4.363984606871951,0.09226501056275294
186,MA,2013,351,3350579.0,195355.0,6708874.0,302324.0,5.231876466900407,0.11610060729548431
187,MA,2014,376,3557941.0,187319.0,6755124.0,278131.0,5.566145047818515,0.13518809481862862
188,MA,2015,411,3426728.0,162645.0,6784240.0,255933.0,6.05815831987076,0.16058890412725205
189,MA,2016,394,3356787.0,153384.0,6823721.0,239277.0,5.773975811730872,0.16466271308984984
190,MA,2017,434,3809909.0,155470.0,6859819.0,222090.0,6.326697541145036,0.19541627268224593
191,MD,2008,100,4502322.0,381235.0,5633597.0,434002.0,1.7750648475565434,0.023041368472956347
192,MD,2009,102,4561450.0,344976.0,5699478.0,399975.0,1.7896375773360298,0.0255015938496156
193,MD,2010,80,4255593.0,304056.0,5785681.0,379822.0,1.3827240043134075,0.021062497696289314
194,MD,2011,49,4327447.0,292271.0,5839572.0,363983.0,0.8391025917652869,0.013462167189126965
195,MD,2012,35,2793164.0,192106.0,5884868.0,354071.0,0.5947457105240084,0.009885023060346654
196,MD,2013,51,4123493.0,261933.0,5938737.0,345276.0,0.8587684553129732,0.014770792062002571
197,MD,2014,16,2495737.0,164945.0,5975346.0,328536.0,0.26776692094482896,0.00487009034017581
198,MD,2015,41,3151470.0,168866.0,5994983.0,314247.0,0.6839051920580926,0.013047061706237451
199,MD,2016,39,3556941.0,219515.0,6024752.0,309423.0,0.6473295498304329,0.012604105060063408
200,MD,2017,101,3884646.0,227440.0,6052177.0,300210.0,1.6688209878858469,0.03364311648512708
201,ME,2008,63,518746.0,31161.0,1316456.0,66636.0,4.785575818713273,0.09454349000540249
202,ME,2009,50,454449.0,26318.0,1318301.0,65238.0,3.792760530409975,0.07664244765320825
203,ME,2010,61,395092.0,27718.0,1327379.0,67675.0,4.59552245440074,0.09013668267454747
204,ME,2011,55,353746.0,22602.0,1328544.0,69563.0,4.139870414528988,0.07906502019751879
205,ME,2012,52,323033.0,25184.0,1328501.0,68661.0,3.9141859885690717,0.07573440526645403
206,ME,2013,25,263285.0,17226.0,1328702.0,62823.0,1.8815355136065122,0.0397943428362224
207,ME,2014,28,264742.0,14683.0,1330256.0,54655.0,2.104858012292371,0.05123044552191016
208,ME,2015,38,249806.0,14163.0,1329453.0,50540.0,2.8583184211852544,0.07518796992481203
209,ME,2016,41,266033.0,15514.0,1330232.0,45682.0,3.082169125385647,0.08975088656363557
210,ME,2017,32,227466.0,11656.0,1335907.0,42036.0,2.3953763248489603,0.07612522599676468
211,MI,2008,577,6026452.0,491928.0,10003422.0,644574.0,5.76802618144071,0.08951648685798683
212,MI,2009,315,6056875.0,450293.0,9969727.0,620537.0,3.15956495097609,0.05076248475111073
213,MI,2010,304,6123175.0,423215.0,9877143.0,594700.0,3.0778130882584165,0.051118210862619806
214,MI,2011,378,6082415.0,407144.0,9876801.0,549052.0,3.82715010659828,0.06884593808965271
215,MI,2012,634,6804738.0,444099.0,9882519.0,545885.0,6.415368389375218,0.11614167819229325
216,MI,2013,333,5831258.0,375797.0,9898193.0,507026.0,3.364250424294616,0.06567710531609819
217,MI,2014,320,5462496.0,318635.0,9916306.0,449644.0,3.2270081217743782,0.07116741244184288
218,MI,2015,309,5430868.0,292163.0,9917715.0,426117.0,3.115637019212591,0.07251529509500912
219,MI,2016,406,6031445.0,331015.0,9933445.0,428055.0,4.087202375409538,0.09484762472112229
220,MI,2017,457,5571154.0,303843.0,9962311.0,405420.0,4.587289033638882,0.11272260865275517
221,MN,2008,164,2189181.0,184247.0,5220393.0,314039.0,3.1415259349248226,0.052222813090093904
222,MN,2009,153,1795373.0,143116.0,5266214.0,292344.0,2.9053130009528667,0.05233560463016173
223,MN,2010,127,1810633.0,143683.0,5310658.0,286175.0,2.3914174100459866,0.04437843976587752
224,MN,2011,148,2159256.0,158939.0,5347299.0,285470.0,2.767752467180159,0.05184432689949907
225,MN,2012,72,1596059.0,133810.0,5379646.0,289665.0,1.3383780271043857,0.024856299518409196
226,MN,2013,144,1939826.0,147656.0,5422060.0,275824.0,2.655817161742954,0.052207204594234
227,MN,2014,98,1800859.0,132867.0,5457125.0,263900.0,1.7958173946904277,0.03713527851458886
228,MN,2015,109,1947433.0,135798.0,5482435.0,257885.0,1.9881676663745214,0.04226690191364368
229,MN,2016,119,2008060.0,134150.0,5525050.0,249308.0,2.153826662202152,0.04773212251512186
230,MN,2017,146,2445272.0,160923.0,5576606.0,258240.0,2.6180798858660626,0.056536555142503095
231,MO,2008,99,2090913.0,262169.0,5911605.0,464555.0,1.6746721068136319,0.02131071670738664
232,MO,2009,125,2495054.0,262273.0,5987580.0,434703.0,2.0876547787252946,0.028755265089037804
233,MO,2010,142,2483165.0,267859.0,5995715.0,430698.0,2.3683580690543162,0.03296973749587878
234,MO,2011,121,2253906.0,253994.0,6008984.0,426569.0,2.013651559065559,0.028365868124500374
235,MO,2012,104,2110813.0,227337.0,6024522.0,428355.0,1.7262780350042708,0.024278927525066826
236,MO,2013,105,2173463.0,226958.0,6044917.0,406733.0,1.736996554295121,0.02581546124853405
237,MO,2014,76,2081652.0,200345.0,6063827.0,381158.0,1.2533339094271654,0.019939237796399393
238,MO,2015,100,2086315.0,215713.0,6076204.0,379165.0,1.6457643620918587,0.026373742302163966
239,MO,2016,89,2000323.0,189495.0,6091176.0,374391.0,1.4611300018255917,0.02377193896220796
240,MO,2017,104,2049012.0,194301.0,6113532.0,379958.0,1.7011442812436413,0.02737144631775091
241,MS,2008,4,32060.0,2948.0,2938618.0,180278.0,0.13611840667960245,0.0022187954159686705
242,MS,2009,2,69926.0,9008.0,2951996.0,183515.0,0.06775076930998551,0.0010898291692777158
243,MS,2010,11,67793.0,7796.0,2970072.0,185594.0,0.3703613919123846,0.005926915740810587
244,MS,2011,1,68049.0,7625.0,2977457.0,188077.0,0.03358570753498707,0.000531697124050256
245,MS,2012,18,114406.0,12177.0,2986450.0,175974.0,0.6027222957022552,0.010228783797606465
246,MS,2013,4,115607.0,12412.0,2992206.0,171811.0,0.13368063562468627,0.002328139641815716
247,MS,2014,2,88304.0,8048.0,2993443.0,182604.0,0.06681269695130324,0.0010952662592276182
248,MS,2016,20,149973.0,9176.0,2985415.0,173780.0,0.6699236119601463,0.011508804235239959
249,MS,2017,49,121584.0,9913.0,2984100.0,171903.0,1.6420361247947455,0.02850444727549839
250,MT,2008,28,406167.0,29914.0,967440.0,55830.0,2.894236335069875,0.05015224789539674
251,MT,2009,28,466727.0,29008.0,974989.0,52628.0,2.8718272718974265,0.05320361784601353
252,MT,2010,31,387169.0,28412.0,990958.0,53723.0,3.1282859616653784,0.05770340450086555
253,MT,2011,23,351383.0,22624.0,997667.0,50683.0,2.305378447918995,0.04538010772842965
254,MT,2012,36,425811.0,28708.0,1005494.0,55288.0,3.5803296687996147,0.06511358703516133
255,MT,2013,36,406536.0,35096.0,1014864.0,55460.0,3.5472733292342618,0.06491164803461955
256,MT,2014,35,449721.0,30060.0,1023252.0,54542.0,3.420467294469007,0.06417073081295149
257,MT,2015,45,328035.0,25219.0,1032073.0,58347.0,4.360156694342358,0.07712478790683326
258,MT,2016,21,225615.0,18389.0,1038656.0,60378.0,2.0218436132848607,0.03478088045314519
259,MT,2017,21,529501.0,35236.0,1050493.0,58580.0,1.9990613930792496,0.03584841242744964
260,NB,2008,100,844934.0,0.0,1783432.0,108270.0,5.607166407241767,0.09236168837166343
261,NB,2009,78,789989.0,0.0,1796619.0,104661.0,4.341488095138702,0.07452632785851464
262,NB,2010,61,700191.0,0.0,1830141.0,102747.0,3.333076522519303,0.05936912999892941
263,NB,2011,36,782573.0,0.0,1842234.0,106460.0,1.9541491471767432,0.033815517565282734
264,NB,2012,9,102090.0,0.0,1855350.0,107208.0,0.4850836769342712,0.0083948959032908
265,NB,2013,33,842177.0,0.0,1868969.0,103343.0,1.7656793665384498,0.03193249663741134
266,NB,2014,47,762434.0,0.0,1882980.0,100253.0,2.496043505507228,0.04688139008308978
267,NB,2015,19,728837.0,0.0,1893765.0,90361.0,1.0032923831626415,0.021026770398733966
268,NB,2016,31,863764.0,0.0,1907603.0,92055.0,1.6250760771502246,0.03367552006952365
269,NB,2017,48,905797.0,0.0,1920076.0,93199.0,2.4999010455836124,0.05150269852680823
270,NC,2008,124,3295330.0,359604.0,9222414.0,790789.0,1.3445503530854286,0.015680541838594114
271,NC,2009,103,2824560.0,267676.0,9380884.0,727308.0,1.0979775466789696,0.014161813152062126
272,NC,2010,94,3332852.0,276430.0,9560234.0,694889.0,0.9832395315846871,0.013527340337809349
273,NC,2011,112,3260722.0,287076.0,9651103.0,710759.0,1.160489117150651,0.015757802574430997
274,NC,2012,119,3499989.0,320463.0,9748364.0,693458.0,1.2207176506745132,0.017160375970859086
275,NC,2013,118,3784339.0,305608.0,9848917.0,646317.0,1.1981012734699663,0.018257294794969032
276,NC,2014,140,3507116.0,234419.0,9940387.0,605226.0,1.408395870301629,0.0231318548773516
277,NC,2015,161,3843697.0,260137.0,10035186.0,587857.0,1.6043549167897835,0.02738761297390352
278,NC,2016,148,3866260.0,258344.0,10156689.0,594628.0,1.4571677837137673,0.024889510752941334
279,NC,2017,166,4309081.0,257948.0,10273419.0,561581.0,1.6158204001997778,0.02955940460948643
280,ND,2008,16,232764.0,14099.0,641481.0,27610.0,2.4942282000558085,0.057950018109380656
281,ND,2009,14,285339.0,16267.0,646844.0,27432.0,2.1643549294729487,0.0510352872557597
282,ND,2010,8,264662.0,15009.0,674629.0,25650.0,1.1858369563122841,0.031189083820662766
283,ND,2011,27,321523.0,17724.0,684740.0,28446.0,3.943102491456611,0.09491668424383042
284,ND,2012,42,265946.0,15359.0,701345.0,30420.0,5.988493537417391,0.13806706114398423
285,ND,2013,51,393251.0,21920.0,723857.0,32841.0,7.045590496465462,0.15529368776833835
286,ND,2014,41,431211.0,21957.0,740040.0,33922.0,5.540241068050375,0.1208655150050115
287,ND,2015,36,435948.0,29325.0,756835.0,37459.0,4.756651053400015,0.09610507488187084
288,ND,2016,13,297154.0,20283.0,755548.0,36900.0,1.720605441348531,0.03523035230352303
289,ND,2017,15,347178.0,21605.0,755393.0,35439.0,1.9857213397529496,0.042326250740709385
290,NH,2008,45,506346.0,30265.0,1315809.0,59129.0,3.4199492479531606,0.07610478783676368
291,NH,2009,25,365203.0,22625.0,1324575.0,59952.0,1.8873978445916615,0.04170002668801708
292,NH,2010,31,363481.0,22272.0,1316807.0,60978.0,2.354179465935403,0.05083800715011971
293,NH,2011,22,343433.0,20449.0,1317807.0,68641.0,1.669440213931175,0.03205081511050247
294,NH,2012,30,356224.0,22023.0,1321617.0,67314.0,2.2699465881567806,0.04456725198324271
295,NH,2013,23,306568.0,19935.0,1322616.0,63994.0,1.7389779043955313,0.03594086945651155
296,NH,2014,15,158052.0,7628.0,1327996.0,55004.0,1.1295214744622724,0.027270743945894845
297,NH,2015,13,205174.0,12983.0,1330111.0,49737.0,0.9773620397094679,0.026137483161429116
298,NH,2016,29,354092.0,17179.0,1335015.0,43487.0,2.1722602367763657,0.06668659599420516
299,NH,2017,17,307383.0,15277.0,1342795.0,39905.0,1.2660160337207096,0.04260117779726851
300,NJ,2008,744,5479901.0,303848.0,8682661.0,427831.0,8.568801661149733,0.17390044199695676
301,NJ,2009,549,4827456.0,235754.0,8707739.0,389713.0,6.304736510821007,0.14087289877422615
302,NJ,2010,543,4476489.0,211757.0,8799593.0,394133.0,6.170739942176871,0.13777075251247675
303,NJ,2011,508,4800699.0,251991.0,8834773.0,407553.0,5.750006253697746,0.12464636501264865
304,NJ,2012,505,4328492.0,192349.0,8867749.0,389515.0,5.694793571626802,0.12964840891878363
305,NJ,2013,414,4097019.0,184841.0,8911502.0,361656.0,4.645681502399932,0.11447342225761498
306,NJ,2014,336,3908335.0,156237.0,8938844.0,333872.0,3.758875308708822,0.10063737001006373
307,NJ,2015,330,3556092.0,117165.0,8935421.0,314885.0,3.6931667797186054,0.10480016513965416
308,NJ,2016,282,3889578.0,137453.0,8978416.0,298461.0,3.1408658275580015,0.09448470654457367
309,NJ,2017,499,4180015.0,147561.0,9005644.0,301350.0,5.54096964081636,0.16558818649410983
310,NM,2008,9,619024.0,77001.0,1984356.0,164974.0,0.4535476497160792,0.005455405094136045
311,NM,2009,15,640651.0,77026.0,2009671.0,162436.0,0.7463908271552905,0.00923440616612081
312,NM,2010,24,731726.0,70005.0,2065913.0,154119.0,1.1617139734345057,0.015572382379849337
313,NM,2011,28,680183.0,73343.0,2078674.0,159437.0,1.347012566665095,0.017561795568155448
314,NM,2012,2,14957.0,1357.0,2083540.0,162293.0,0.09599047774460774,0.001232339041116992
315,NM,2013,12,580664.0,72723.0,2086895.0,171285.0,0.5750169510205353,0.0070058674139591905
316,NM,2014,13,675151.0,77631.0,2085567.0,160633.0,0.623331688696647,0.008092982139410955
317,NM,2015,13,574972.0,80405.0,2080328.0,168425.0,0.6249014578470318,0.007718569096036812
318,NM,2016,26,576958.0,91429.0,2085432.0,178866.0,1.2467440798836882,0.014536021379132982
319,NM,2017,7,561375.0,98160.0,2088070.0,181305.0,0.3352378033303481,0.0038608973828631312
320,NV,2008,94,1903438.0,182290.0,2600167.0,199660.0,3.6151524113643467,0.04708003606130422
321,NV,2009,48,1881859.0,160576.0,2643085.0,181133.0,1.8160596424254234,0.026499864740273722
322,NV,2010,68,1938708.0,139599.0,2704283.0,168394.0,2.514529729321968,0.04038148627623312
323,NV,2011,59,1767140.0,117985.0,2720028.0,156061.0,2.169095318136431,0.03780572981077912
324,NV,2012,91,2195232.0,159507.0,2754354.0,172255.0,3.303859997661884,0.05282865519143131
325,NV,2013,73,2229342.0,162752.0,2791494.0,175660.0,2.6150871182241477,0.04155755436638962
326,NV,2014,24,2269511.0,157685.0,2838281.0,167617.0,0.8455822379813698,0.014318356729925963
327,NV,2015,58,2318795.0,167637.0,2883758.0,174850.0,2.0112644681003053,0.03317128967686588
328,NV,2016,41,2366870.0,165793.0,2939254.0,172131.0,1.3949117701294274,0.02381906803539165
329,NV,2017,5,547816.0,33562.0,2998039.0,173681.0,0.1667756823710432,0.002878841093729308
330,NY,2008,605,14302930.0,703166.0,19490297.0,856165.0,3.1041086752038716,0.07066394912195663
331,NY,2009,641,13970208.0,662398.0,19541453.0,831428.0,3.280206441148465,0.07709627291840063
332,NY,2010,699,13681803.0,670746.0,19395206.0,837105.0,3.603983376098197,0.08350206963284176
333,NY,2011,545,13570919.0,662448.0,19501616.0,822545.0,2.7946401980225635,0.06625777313095332
334,NY,2012,720,13813270.0,652385.0,19576125.0,831654.0,3.6779495431297056,0.08657446486158907
335,NY,2013,615,13745387.0,641689.0,19695680.0,795938.0,3.1225121447952042,0.07726732484188467
336,NY,2014,545,12860146.0,568895.0,19748858.0,755284.0,2.7596532417216224,0.07215828747861731
337,NY,2015,500,13080777.0,555294.0,19747183.0,710577.0,2.5320067171099794,0.07036535097533413
338,NY,2016,595,13542175.0,558033.0,19836286.0,685824.0,2.999553444631722,0.08675695222097797
339,NY,2017,554,13064831.0,533459.0,19849399.0,673010.0,2.791016493748753,0.08231675606603171
340,OH,2008,355,4250593.0,458519.0,11485910.0,827427.0,3.0907433542488145,0.042904087007071316
341,OH,2009,303,4613688.0,450468.0,11542645.0,794667.0,2.625048245007968,0.0381291786370895
342,OH,2010,247,4133078.0,416637.0,11537968.0,793230.0,2.140758234032197,0.031138509637809966
343,OH,2011,250,4019557.0,417648.0,11541007.0,799446.0,2.166188790978118,0.0312716556215179
344,OH,2012,264,4493193.0,431178.0,11553031.0,779252.0,2.2851146162422658,0.03387864259572
345,OH,2013,341,4952168.0,420604.0,11572005.0,713207.0,2.9467667876050867,0.04781220599349137
346,OH,2014,421,4762815.0,382412.0,11596998.0,680325.0,3.630249828446982,0.0618821886598317
347,OH,2015,416,4725818.0,366937.0,11605090.0,644305.0,3.584633983881211,0.06456569481844779
348,OH,2016,471,5029789.0,399226.0,11622554.0,640186.0,4.052465576843093,0.07357236803054112
349,OH,2017,386,5357220.0,381982.0,11658609.0,600208.0,3.310858096364669,0.06431103883986884
350,OK,2008,54,1290885.0,168112.0,3642361.0,273690.0,1.4825548593343714,0.019730351857941468
351,OK,2009,60,1703798.0,191491.0,3687050.0,284170.0,1.6273172319333884,0.021114121828482952
352,OK,2010,49,1415017.0,156752.0,3760184.0,278061.0,1.3031277192818222,0.017622032575585932
353,OK,2011,30,910774.0,99755.0,3784163.0,273556.0,0.7927776895445571,0.010966675927415228
354,OK,2012,21,151233.0,8859.0,3815780.0,281003.0,0.5503461939629642,0.007473229823169148
355,OK,2013,43,1120238.0,101987.0,3853118.0,270855.0,1.1159793185674562,0.0158756530246811
356,OK,2014,31,978267.0,84779.0,3879610.0,251745.0,0.7990493889849752,0.012314047945341517
357,OK,2015,37,1321511.0,100915.0,3907414.0,245606.0,0.9469178336362617,0.015064778547755347
358,OK,2016,35,1452680.0,138289.0,3921207.0,254655.0,0.8925823094776686,0.013744085134790206
359,OK,2017,28,508435.0,31436.0,3930864.0,244789.0,0.7123115935834973,0.01143842247813423
360,OR,2008,191,1046478.0,180892.0,3790060.0,261409.0,5.039498055439756,0.07306557922642296
361,OR,2009,131,1821508.0,154767.0,3825657.0,240702.0,3.424248436281663,0.054424142715889356
362,OR,2010,134,1995413.0,161454.0,3838332.0,243982.0,3.491099779800184,0.05492208441606348
363,OR,2011,130,2069528.0,166417.0,3868229.0,254407.0,3.360711064417334,0.05109922289874099
364,OR,2012,52,1437766.0,123741.0,3899801.0,263472.0,1.3334013709930328,0.019736442582133966
365,OR,2013,68,1634181.0,129531.0,3928068.0,260511.0,1.7311309274686693,0.02610254461423894
366,OR,2014,66,804467.0,65803.0,3971202.0,257396.0,1.6619653193164186,0.025641424109154765
367,OR,2015,83,1549236.0,66191.0,4024634.0,250755.0,2.062299329578789,0.033100037885585534
368,OR,2016,107,2116058.0,162360.0,4085989.0,255328.0,2.618705043014066,0.04190688056147387
369,OR,2017,148,2153776.0,163365.0,4142776.0,260086.0,3.572483764509595,0.05690425474650693
370,PA,2008,70,2751399.0,250407.0,12448279.0,653828.0,0.5623267280561434,0.010706179606869084
371,PA,2009,36,2639991.0,226872.0,12604767.0,604722.0,0.2856062313567557,0.005953148719576929
372,PA,2010,57,2670645.0,232832.0,12717722.0,601408.0,0.4481934736425281,0.009477758859210386
373,PA,2011,19,619191.0,48718.0,12743948.0,614858.0,0.14909037607498085,0.003090144391062652
374,PA,2012,38,2552062.0,215934.0,12764475.0,600254.0,0.29770123722283914,0.006330653356745645
375,PA,2013,56,2720145.0,206779.0,12781296.0,570863.0,0.43814023241461586,0.009809709159640755
376,PA,2014,54,2635958.0,201738.0,12793767.0,536194.0,0.4220805334347577,0.010070981771522993
377,PA,2015,56,2491013.0,185599.0,12791904.0,506048.0,0.43777689388538255,0.011066143923106108
378,PA,2016,68,2512352.0,183567.0,12787085.0,487010.0,0.5317865643342482,0.013962752304880803
379,PA,2017,75,2508320.0,169965.0,12805537.0,464039.0,0.5856841458503458,0.01616243462295195
380,RI,2008,35,600639.0,45620.0,1050788.0,62650.0,3.3308336220055805,0.055865921787709494
381,RI,2009,35,603590.0,42445.0,1053209.0,58027.0,3.3231770712175837,0.0603167490995571
382,RI,2010,20,417074.0,32362.0,1052528.0,56867.0,1.9001869783986745,0.035169782123199746
383,RI,2011,25,347919.0,30132.0,1050646.0,58725.0,2.379488429023667,0.04257130693912303
384,RI,2012,12,431689.0,32721.0,1050304.0,56917.0,1.1425263542745718,0.021083331869213063
385,RI,2013,7,361839.0,29011.0,1053354.0,54366.0,0.6645439235052983,0.012875694367803406
386,RI,2014,5,286815.0,21369.0,1054907.0,48443.0,0.4739754310095582,0.010321408665854716
387,RI,2015,18,400142.0,25181.0,1055607.0,42813.0,1.7051800528037422,0.04204330460374185
388,RI,2016,12,396144.0,22723.0,1057566.0,40489.0,1.1346809560821738,0.029637679369705353
389,RI,2017,11,291814.0,16993.0,1059639.0,39712.0,1.0380893870459658,0.027699435938759065
390,SC,2008,154,2287930.0,242896.0,4479800.0,413712.0,3.4376534666726193,0.03722396256332908
391,SC,2009,109,2066046.0,192522.0,4561242.0,388250.0,2.389699998377635,0.02807469414037347
392,SC,2010,109,2185135.0,213320.0,4637106.0,390953.0,2.3506040189721777,0.027880589226838007
393,SC,2011,124,2302474.0,225831.0,4673348.0,395331.0,2.6533440265950663,0.03136612104793199
394,SC,2012,104,2644880.0,232090.0,4723417.0,389385.0,2.201795860920177,0.02670878436508854
395,SC,2013,52,1696828.0,135220.0,4771929.0,371537.0,1.0897060706477402,0.013995914269642055
396,SC,2014,53,1876279.0,149239.0,4829160.0,361279.0,1.0974993580664132,0.014670102607679937
397,SC,2015,55,2204316.0,174326.0,4894834.0,350805.0,1.1236336104554312,0.015678225794957312
398,SC,2016,30,1413428.0,99914.0,4959822.0,348883.0,0.6048604163617163,0.008598871254833282
399,SC,2017,88,2040499.0,154317.0,5024369.0,347260.0,1.7514637161402755,0.025341242872775442
400,SD,2008,44,319359.0,19879.0,804194.0,30091.0,5.471316622605988,0.14622312319298128
401,SD,2009,42,328328.0,21378.0,812383.0,30617.0,5.169975245666145,0.1371786915765751
402,SD,2010,51,316203.0,21857.0,816598.0,32656.0,6.245423084553233,0.1561734443900049
403,SD,2011,22,316095.0,20852.0,823593.0,32845.0,2.671222314905542,0.06698127568884153
404,SD,2012,30,290666.0,22003.0,834047.0,37586.0,3.5969195980562247,0.07981695312084287
405,SD,2013,21,351136.0,22107.0,845510.0,35429.0,2.4837080578585704,0.05927347653052584
406,SD,2014,18,391274.0,23444.0,853304.0,34963.0,2.109447512258234,0.05148299631038526
407,SD,2015,16,166393.0,10633.0,857919.0,36869.0,1.8649779291518196,0.04339689169763216
408,SD,2016,18,380811.0,24149.0,861542.0,38176.0,2.0892771333260596,0.04715004191114837
409,SD,2017,15,302293.0,15545.0,869666.0,36542.0,1.724800095668912,0.041048656340649116
410,TN,2008,270,3697568.0,434880.0,6214888.0,548370.0,4.3444065283236,0.049236829148202856
411,TN,2009,171,3457632.0,373016.0,6296254.0,517487.0,2.715900597402837,0.03304430835943705
412,TN,2010,147,3255933.0,339562.0,6357436.0,505782.0,2.3122529271234504,0.029063905002550506
413,TN,2011,148,3520874.0,353730.0,6399787.0,501843.0,2.3125769654521315,0.029491295086311854
414,TN,2012,321,3981439.0,375697.0,6454914.0,478287.0,4.972955487865525,0.06711451492513909
415,TN,2013,205,2852829.0,304758.0,6497269.0,454534.0,3.1551718114179974,0.04510113654864103
416,TN,2014,198,3262076.0,309283.0,6547779.0,442899.0,3.023926128233711,0.04470545203308204
417,TN,2015,221,3471571.0,313317.0,6595056.0,433840.0,3.350995048412023,0.050940438871473356
418,TN,2016,149,3657735.0,323497.0,6649404.0,425951.0,2.240802333562527,0.034980549405917584
419,TN,2017,136,3574992.0,328829.0,6715984.0,439684.0,2.0250197141625113,0.03093130521010544
420,TX,2008,247,11826887.0,1342342.0,24326974.0,2069630.0,1.0153338430007777,0.011934500369631286
421,TX,2009,165,11711915.0,1292966.0,24782302.0,2117848.0,0.6657977132229281,0.0077909273942228146
422,TX,2010,174,12043186.0,1272792.0,25253466.0,2021251.0,0.6890143317356913,0.008608530063807018
423,TX,2011,153,9821092.0,994438.0,25631778.0,1895391.0,0.5969152822718735,0.008072213068438121
424,TX,2012,175,11148347.0,1037146.0,26060796.0,1863831.0,0.6715067337160385,0.009389263296940549
425,TX,2013,142,11777111.0,1096086.0,26505637.0,1837292.0,0.5357350966513273,0.007728766031746723
426,TX,2014,158,12363603.0,1069156.0,26979078.0,1740569.0,0.5856389903316933,0.009077491326112323
427,TX,2015,191,10846323.0,889152.0,27429639.0,1675194.0,0.6963270643117104,0.011401664523631293
428,TX,2016,179,11443153.0,931716.0,27904862.0,1664373.0,0.6414652758361606,0.01075480075680151
429,TX,2017,187,11894689.0,908036.0,28304596.0,1578206.0,0.6606700904687,0.011848896785337276
430,UT,2008,40,900262.0,61742.0,2736424.0,191223.0,1.4617617737602069,0.02091798580714663
431,UT,2009,49,1350100.0,110699.0,2784572.0,189838.0,1.7596959245442387,0.025811481368324573
432,UT,2010,63,1570562.0,128326.0,2775479.0,182840.0,2.2698784606188696,0.03445635528330781
433,UT,2011,69,1475190.0,114569.0,2814347.0,174007.0,2.4517232594274976,0.03965357715494204
434,UT,2012,102,1550985.0,117971.0,2854871.0,178787.0,3.572840944477001,0.057051127878425166
435,UT,2013,76,1453536.0,122486.0,2902787.0,183544.0,2.618173500156918,0.04140696508739049
436,UT,2014,55,1187443.0,110153.0,2944498.0,177702.0,1.8678905538397377,0.030950692732777348
437,UT,2015,47,969460.0,98691.0,2990632.0,186970.0,1.5715741689382043,0.02513772262929882
438,UT,2016,67,1519766.0,128280.0,3044321.0,188791.0,2.200819164601893,0.035488979877218725
439,UT,2017,58,1284062.0,108668.0,3101833.0,180110.0,1.8698621105649467,0.032202542890455835
440,VA,2008,267,5267667.0,328784.0,7769089.0,415000.0,3.4366963745684984,0.06433734939759037
441,VA,2009,150,5680286.0,335499.0,7882590.0,407594.0,1.9029278447819815,0.036801326810502605
442,VA,2010,175,4927691.0,281475.0,8023953.0,393239.0,2.18096990348772,0.04450219840860138
443,VA,2011,147,5081662.0,276593.0,8104384.0,382997.0,1.81383310563764,0.0383815016827808
444,VA,2012,138,4945233.0,251108.0,8186628.0,373795.0,1.6856757141035357,0.03691863187041025
445,VA,2013,123,5053077.0,255280.0,8270345.0,360424.0,1.487241463324686,0.03412647326482143
446,VA,2014,123,5428928.0,246302.0,8328098.0,341252.0,1.4769278651620095,0.036043744798565286
447,VA,2015,158,5197755.0,234948.0,8367587.0,333205.0,1.8882385089034628,0.047418256028571
448,VA,2016,127,5292243.0,230950.0,8414380.0,333953.0,1.5093209481863192,0.038029303524747496
449,VA,2017,188,6010293.0,247722.0,8470020.0,322162.0,2.2195933421644813,0.058355734071678225
450,VT,2008,22,137955.0,10977.0,621270.0,32747.0,3.5411334846363096,0.06718172657037286
451,VT,2009,24,183922.0,10505.0,621760.0,30934.0,3.8600102933607823,0.07758453481606
452,VT,2010,17,120595.0,8807.0,625909.0,29194.0,2.716049777204035,0.05823114338562718
453,VT,2011,9,115372.0,6760.0,626592.0,31160.0,1.4363413513099432,0.028883183568677792
454,VT,2012,14,96384.0,7217.0,625953.0,32270.0,2.2365896481045704,0.04338394793926247
455,VT,2013,13,171373.0,9434.0,626855.0,28612.0,2.0738448285488666,0.04543548161610513
456,VT,2014,15,124996.0,5863.0,626767.0,20120.0,2.3932338492613683,0.07455268389662027
457,VT,2015,8,63284.0,4837.0,626088.0,18902.0,1.2777756481516975,0.04232356364405883
458,VT,2016,25,166719.0,8399.0,623354.0,20303.0,4.0105622166537795,0.1231345121410629
459,VT,2017,34,178255.0,10149.0,623657.0,18991.0,5.4517146444279465,0.17903217313464273
460,WA,2008,240,1931940.0,396891.0,6549224.0,522062.0,3.664556289416884,0.04597155127168804
461,WA,2009,208,2888820.0,364922.0,6664195.0,514413.0,3.1211571690204147,0.040434436921306424
462,WA,2010,232,4148394.0,363735.0,6742950.0,521357.0,3.4406305845364415,0.04449925866536749
463,WA,2011,213,4367555.0,367508.0,6823267.0,509889.0,3.12167177394641,0.04177379782658579
464,WA,2012,274,4853082.0,399262.0,6895318.0,530584.0,3.9737108571352326,0.05164121043981726
465,WA,2013,294,5203917.0,431471.0,6973742.0,539627.0,4.215814121027133,0.05448207743496897
466,WA,2014,304,4795943.0,420376.0,7063166.0,543876.0,4.304018905969363,0.05589509373460127
467,WA,2015,275,5414083.0,439113.0,7160290.0,520720.0,3.840626566801065,0.05281149178061146
468,WA,2016,395,5315380.0,435943.0,7280934.0,533216.0,5.425128149767598,0.0740787973354138
469,WA,2017,511,5202182.0,413768.0,7405743.0,493734.0,6.900050406826162,0.10349702471371224
470,WI,2008,95,1711857.0,156229.0,5627967.0,327275.0,1.6879985259330765,0.02902757619738752
471,WI,2009,54,1359255.0,125406.0,5654774.0,310917.0,0.954945325843261,0.017367979235615935
472,WI,2010,93,1727019.0,142314.0,5691659.0,300405.0,1.6339699901206308,0.030958206421331205
473,WI,2011,79,1614537.0,134378.0,5709843.0,294780.0,1.3835756955138696,0.026799647194517946
474,WI,2012,69,1514859.0,129669.0,5724554.0,298545.0,1.2053340749340473,0.02311209365422298
475,WI,2013,50,1491156.0,118761.0,5742953.0,268160.0,0.870632233974403,0.01864558472553699
476,WI,2014,52,1398451.0,112846.0,5759432.0,258386.0,0.9028668104771442,0.02012492936923827
477,WI,2015,43,1504804.0,112583.0,5767891.0,246375.0,0.7455064598134743,0.017453069507864027
478,WI,2016,39,1415708.0,107653.0,5772917.0,242089.0,0.6755683478560318,0.016109777808987605
479,WI,2017,47,1514969.0,112442.0,5795483.0,228730.0,0.8109764104217025,0.020548244655270408
480,WV,2008,46,499471.0,36989.0,1814468.0,97319.0,2.535178355308553,0.047267234558513754
481,WV,2009,25,549996.0,34189.0,1819777.0,98355.0,1.3737947012188858,0.025418128209038687
482,WV,2010,33,508604.0,30870.0,1854368.0,88492.0,1.7795820462820757,0.0372915065768657
483,WV,2011,19,329042.0,19668.0,1854908.0,83776.0,1.0243095614445568,0.022679526355996946
484,WV,2012,27,376208.0,23179.0,1856680.0,95293.0,1.4542085873710062,0.028333665641757527
485,WV,2013,58,326023.0,21818.0,1853595.0,85731.0,3.1290546208853605,0.06765347423919002
486,WV,2014,29,376898.0,19166.0,1848751.0,82604.0,1.5686266025008235,0.03510725872839088
487,WV,2015,41,363094.0,16542.0,1841053.0,84000.0,2.22698640397642,0.04880952380952381
488,WV,2016,41,539758.0,34528.0,1828637.0,81436.0,2.2421070994407306,0.05034628419863451
489,WV,2017,38,485961.0,25458.0,1815857.0,73847.0,2.092675799911557,0.051457743713353286
490,WY,2008,6,174054.0,14201.0,532668.0,30470.0,1.1264051904751178,0.019691499835904167
491,WY,2009,8,59963.0,4438.0,544270.0,29746.0,1.4698587098315175,0.02689437235258522
492,WY,2010,2,32060.0,1093.0,564554.0,28926.0,0.3542619483698637,0.006914194842010648
493,WY,2011,2,23316.0,1739.0,567356.0,27059.0,0.3525123555580623,0.00739125614398167
494,WY,2012,2,19630.0,760.0,576626.0,27704.0,0.34684526885711014,0.007219174126479931
495,WY,2013,1,31884.0,2130.0,583223.0,26875.0,0.1714610020523882,0.0037209302325581397
496,WY,2015,2,32502.0,1624.0,586555.0,23653.0,0.3409739922087443,0.008455587029129498
497,WY,2016,3,33218.0,1541.0,584910.0,24394.0,0.5128994204236549,0.012298106091661884
498,WY,2017,4,32632.0,1900.0,579315.0,22632.0,0.6904706420513883,0.017674089784376106
