,STATE_ABBR,DATA_YEAR,STATE_POPULATION,STATE_TOTAL_CRIMES
0,AK,1999,619500,50106
1,AK,2000,626932,49728
2,AK,2001,633630,50055
3,AK,2002,641482,51863
4,AK,2003,648280,52649
5,AK,2004,657755,48503
6,AK,2005,663253,52144
7,AK,2006,670053,52560
8,AK,2007,683478,50975
9,AK,2008,686293,44822
10,AK,2009,698473,45690
11,AK,2010,714146,45233
12,AK,2011,723860,42826
13,AK,2012,730307,44673
14,AK,1996,607000,61751
15,AK,1997,609000,59950
16,AK,1998,614000,54647
17,AK,2017,739795,58680
18,AK,2016,741522,55862
19,AK,1995,604000,64850
20,AK,2015,737709,47185
21,AK,2013,737259,47285
22,AK,2014,737046,45497
23,AK,1979,406000,48380
24,AK,1980,440142,47779
25,AK,1981,412000,51805
26,AK,1982,438000,51690
27,AK,1983,479000,54718
28,AK,1984,500000,58044
29,AK,1985,521000,58207
30,AK,1986,534000,63660
31,AK,1987,525000,54073
32,AK,1988,513000,47814
33,AK,1989,527000,47757
34,AK,1990,550043,53799
35,AK,1991,570000,61499
36,AK,1992,587000,61509
37,AK,1993,599000,62147
38,AK,1994,606000,64538
39,AL,1983,3959000,308251
40,AL,1984,3990000,294178
41,AL,2001,4468912,366088
42,AL,2002,4478896,380731
43,AL,2003,4503726,383813
44,AL,2004,4525375,384004
45,AL,2005,4548327,374464
46,AL,2006,4599030,382051
47,AL,2007,4627851,389625
48,AL,2008,4661900,402570
49,AL,2009,4708708,377692
50,AL,2010,4785401,356757
51,AL,2011,4803689,367345
52,AL,2012,4817528,360489
53,AL,2013,4833996,345265
54,AL,2014,4846411,330146
55,AL,1985,4021000,298628
56,AL,2017,4874747,314574
57,AL,2016,4860545,313450
58,AL,1996,4273000,387765
59,AL,1997,4319000,397997
60,AL,1998,4352000,377844
61,AL,1999,4369862,364217
62,AL,2000,4447100,382698
63,AL,1995,4253000,385482
64,AL,1982,3943000,347749
65,AL,2015,4853875,313297
66,AL,1979,3769000,304322
67,AL,1980,3861466,363702
68,AL,1981,3916000,365245
69,AL,1986,4053000,324998
70,AL,1987,4083000,340669
71,AL,1988,4127000,353470
72,AL,1989,4118000,356817
73,AL,1990,4040587,368578
74,AL,1991,4089000,404282
75,AL,1992,4136000,399726
76,AL,1993,4187000,375872
77,AL,1994,4219000,384874
78,AR,1996,2510000,222741
79,AR,1997,2523000,224811
80,AR,2017,3004279,202183
81,AR,1979,2180000,149882
82,AR,1998,2538000,204984
83,AR,1999,2551373,195414
84,AR,2000,2673400,208134
85,AR,2001,2694698,210402
86,AR,2002,2706268,213843
87,AR,2003,2727774,210617
88,AR,2004,2750000,235636
89,AR,2005,2775708,240498
90,AR,2006,2810872,239588
91,AR,2007,2834797,240169
92,AR,2008,2855390,236075
93,AR,2009,2889450,233673
94,AR,2010,2921588,222987
95,AR,2011,2938582,235645
96,AR,2012,2949828,233190
97,AR,2016,2988231,213288
98,AR,1995,2484000,219301
99,AR,2015,2977853,211038
100,AR,2013,2958765,227176
101,AR,2014,2966835,213605
102,AR,1980,2284037,166436
103,AR,1981,2294000,167063
104,AR,1982,2291000,169956
105,AR,1983,2328000,156056
106,AR,1984,2349000,150657
107,AR,1985,2359000,160943
108,AR,1986,2372000,176823
109,AR,1987,2388000,192913
110,AR,1988,2422000,194161
111,AR,1989,2406000,207823
112,AR,1990,2350725,216305
113,AR,1991,2372000,231426
114,AR,1992,2399000,214635
115,AR,1993,2424000,218843
116,AR,1994,2453000,220828
117,AZ,1996,4428000,597891
118,AZ,1997,4555000,627057
119,AZ,1998,4669000,586986
120,AZ,1999,4778332,537136
121,AZ,2000,5130632,570903
122,AZ,2001,5306966,616423
123,AZ,2002,5441125,666763
124,AZ,2003,5579222,657308
125,AZ,2004,5739879,611358
126,AZ,2005,5953007,605168
127,AZ,2006,6166318,622234
128,AZ,2007,6338755,609662
129,AZ,2008,6500180,567397
130,AZ,2009,6595778,503711
131,AZ,2010,6413158,481962
132,AZ,2011,6467315,488326
133,AZ,2012,6551149,493436
134,AZ,1982,2860000,393107
135,AZ,1985,3187000,434384
136,AZ,2013,6634997,475912
137,AZ,2014,6728783,454998
138,AZ,1986,3317000,463865
139,AZ,1987,3386000,466068
140,AZ,1988,3466000,496763
141,AZ,1989,3556000,551888
142,AZ,2017,7016270,445857
143,AZ,2016,6908642,448320
144,AZ,1979,2450000,370482
145,AZ,1980,2715357,426059
146,AZ,1990,3665228,554369
147,AZ,1991,3750000,530270
148,AZ,1994,4075000,617199
149,AZ,1995,4218000,662805
150,AZ,2015,6817565,443526
151,AZ,1981,2793000,409232
152,AZ,1983,2963000,364122
153,AZ,1984,3053000,381096
154,AZ,1992,3832000,512964
155,AZ,1993,3936000,556884
156,CA,2016,39296476,2186702
157,CA,2009,36961664,2202984
158,CA,2010,37338198,2135876
159,CA,2011,37683933,2109787
160,CA,2012,37999878,2267285
161,CA,2017,39536653,2160503
162,CA,2013,38431393,2200011
163,CA,2014,38792291,2055296
164,CA,1996,31878000,3045266
165,CA,1997,32268000,2882316
166,CA,1998,32667000,2607465
167,CA,1999,33145121,2314449
168,CA,2000,33871648,2322897
169,CA,2001,34600463,2481245
170,CA,2002,35001986,2561356
171,CA,2003,35462712,2635723
172,CA,2004,35842038,2643563
173,CA,2005,36154147,2591240
174,CA,2006,36457549,2514459
175,CA,2007,36553215,2428036
176,CA,2008,36756666,2358019
177,CA,1995,31589000,3378814
178,CA,2015,38993940,2224091
179,CA,1979,22696000,3206129
180,CA,1980,23532680,3476374
181,CA,1981,24159000,3459089
182,CA,1982,24724000,3401083
183,CA,1983,25174000,3167465
184,CA,1984,25622000,3119051
185,CA,1985,26365000,3235183
186,CA,1986,26981000,3400968
187,CA,1987,27663000,3345799
188,CA,1988,28168000,3476272
189,CA,1989,29063000,3647168
190,CA,1990,29760021,3619423
191,CA,1991,30380000,3783904
192,CA,1992,30867000,3777898
193,CA,1993,31211000,3694149
194,CA,1994,31431000,3562599
195,CO,2016,5530105,324262
196,CO,1996,3823000,375899
197,CO,1997,3893000,347943
198,CO,1998,3971000,341386
199,CO,1999,4056133,315815
200,CO,2000,4301261,328241
201,CO,2017,5607154,324658
202,CO,2001,4430989,357266
203,CO,2002,4501051,375990
204,CO,2003,4547633,375169
205,CO,2004,4601821,377765
206,CO,2005,4663295,395396
207,CO,2006,4753377,345672
208,CO,2007,4861515,309852
209,CO,2008,4939456,297449
210,CO,2009,5024748,286506
211,CO,2010,5047692,287361
212,CO,2011,5116302,282708
213,CO,2012,5189458,295589
214,CO,2013,5272086,296899
215,CO,1995,3747000,387904
216,CO,2015,5448819,306308
217,CO,2014,5355588,289011
218,CO,1979,2772000,376440
219,CO,1980,2878407,406959
220,CO,1981,2963000,419993
221,CO,1982,3045000,415814
222,CO,1983,3139000,401095
223,CO,1984,3178000,396756
224,CO,1985,3231000,431891
225,CO,1986,3267000,442357
226,CO,1987,3296000,409859
227,CO,1988,3290000,390986
228,CO,1989,3317000,385020
229,CO,1990,3294394,381540
230,CO,1991,3377000,391357
231,CO,1992,3470000,393454
232,CO,1993,3566000,373941
233,CO,1994,3656000,370248
234,CT,2016,3587685,138334
235,CT,2017,3588184,135540
236,CT,1996,3274000,263338
237,CT,1997,3270000,247791
238,CT,1998,3274000,235949
239,CT,1999,3282031,211130
240,CT,2000,3405565,209124
241,CT,2001,3434602,202090
242,CT,2002,3458587,197659
243,CT,2003,3486960,197007
244,CT,2004,3498966,197997
245,CT,2005,3500701,190082
246,CT,2006,3504809,191781
247,CT,2007,3502309,184099
248,CT,2008,3501252,185658
249,CT,2009,3518288,176241
250,CT,2010,3575498,167031
251,CT,2011,3586717,164692
252,CT,2012,3591765,164915
253,CT,1995,3275000,281669
254,CT,2015,3584730,139444
255,CT,2013,3599341,152265
256,CT,2014,3594762,147533
257,CT,1979,3115000,347164
258,CT,1980,3095224,351334
259,CT,1981,3132000,351613
260,CT,1982,3153000,329661
261,CT,1983,3138000,300641
262,CT,1984,3154000,279568
263,CT,1985,3174000,285902
264,CT,1986,3189000,294400
265,CT,1987,3211000,307371
266,CT,1988,3241000,315669
267,CT,1989,3239000,324814
268,CT,1990,3287116,335935
269,CT,1991,3291000,335301
270,CT,1992,3281000,315322
271,CT,1993,3277000,289835
272,CT,1994,3275000,282976
273,DC,2016,684336,73196
274,DC,2017,693972,66656
275,DC,1996,543000,115787
276,DC,1997,529000,93390
277,DC,1998,523000,83432
278,DC,1999,519000,75288
279,DC,2000,572059,74626
280,DC,2001,573822,79659
281,DC,2002,569157,82276
282,DC,2003,557620,74453
283,DC,2004,554239,61382
284,DC,2005,582049,60298
285,DC,2006,581530,62900
286,DC,2007,588292,66232
287,DC,2008,591833,68982
288,DC,2009,599657,65134
289,DC,2010,604912,65679
290,DC,2011,619020,66802
291,DC,2012,633427,69431
292,DC,1995,554000,120138
293,DC,2015,670377,71665
294,DC,2013,649111,70611
295,DC,2014,659836,76703
296,DC,1979,656000,102307
297,DC,1980,635233,114564
298,DC,1981,636000,121352
299,DC,1982,631000,117987
300,DC,1983,623000,103619
301,DC,1984,623000,96323
302,DC,1985,626000,89979
303,DC,1986,626000,94985
304,DC,1987,622000,95122
305,DC,1988,620000,111028
306,DC,1989,604000,111407
307,DC,1990,606900,115859
308,DC,1991,598000,114115
309,DC,1992,589000,117689
310,DC,1993,578000,119070
311,DC,1994,570000,111195
312,DE,2016,952698,57780
313,DE,2017,961939,51455
314,DE,1996,725000,66131
315,DE,1997,732000,78909
316,DE,1998,744000,74132
317,DE,1999,753538,67378
318,DE,2000,783600,64817
319,DE,2001,796599,59666
320,DE,2002,805945,58770
321,DE,2003,818166,61411
322,DE,2004,830069,59617
323,DE,2005,841741,57822
324,DE,2006,853476,65323
325,DE,2007,864764,64844
326,DE,2008,873092,69319
327,DE,2009,885122,65391
328,DE,2010,899792,68065
329,DE,2011,908137,67762
330,DE,2012,917053,66688
331,DE,2013,925240,62807
332,DE,2014,935968,60612
333,DE,1995,717000,68778
334,DE,2015,944076,56011
335,DE,1979,582000,72833
336,DE,1980,594779,77788
337,DE,1981,598000,76960
338,DE,1982,602000,73504
339,DE,1983,606000,63502
340,DE,1984,613000,58713
341,DE,1985,622000,59023
342,DE,1986,633000,58465
343,DE,1987,644000,60838
344,DE,1988,660000,60367
345,DE,1989,673000,61741
346,DE,1990,666168,67053
347,DE,1991,680000,74967
348,DE,1992,689000,62532
349,DE,1993,700000,63409
350,DE,1994,706000,64491
351,FL,2016,20656589,1197794
352,FL,2017,20984400,1140857
353,FL,2004,17385430,1578036
354,FL,1996,14400000,2007896
355,FL,1997,14654000,1981222
356,FL,1998,14916000,1914230
357,FL,1999,15111244,1746392
358,FL,2000,15982378,1690531
359,FL,2001,16373330,1695747
360,FL,2002,16691701,1683193
361,FL,2003,16999181,1639672
362,FL,2005,17768191,1551953
363,FL,2006,18089888,1571804
364,FL,2007,18251243,1627054
365,FL,2008,18328340,1646594
366,FL,2009,18537969,1539788
367,FL,2010,18838613,1441949
368,FL,2011,19082262,1442385
369,FL,2012,19320749,1361810
370,FL,2013,19600311,1308006
371,FL,2014,19905569,1260421
372,FL,1995,14166000,2030287
373,FL,2015,20244914,1235667
374,FL,1979,8860000,1288443
375,FL,1980,9567112,1513555
376,FL,1981,10166000,1535049
377,FL,1982,10416000,1461743
378,FL,1983,10680000,1360160
379,FL,1984,10976000,1402128
380,FL,1985,11366000,1614807
381,FL,1986,11675000,1800315
382,FL,1987,12023000,1921502
383,FL,1988,12377000,2074081
384,FL,1989,12671000,2090659
385,FL,1990,12937926,2118878
386,FL,1991,13277000,2112383
387,FL,1992,13488000,2091893
388,FL,1993,13679000,2119701
389,FL,1994,13953000,2142226
390,GA,2016,10313620,655964
391,GA,2017,10429379,634777
392,GA,1996,7353000,880938
393,GA,1999,7788240,760351
394,GA,2000,8186453,736579
395,GA,2001,8405677,737415
396,GA,2002,8544005,732389
397,GA,2003,8676460,778613
398,GA,2004,8918129,793529
399,GA,2005,9132553,797793
400,GA,2006,9363941,770178
401,GA,2007,9544750,790999
402,GA,2008,9685744,824816
403,GA,2009,9829211,765395
404,GA,2010,9712157,747157
405,GA,2011,9812460,752471
406,GA,2012,9915646,717862
407,GA,2013,9994759,718252
408,GA,1997,7486000,821718
409,GA,1998,7642000,791196
410,GA,1995,7201000,817327
411,GA,2015,10199398,671797
412,GA,2014,10097132,718304
413,GA,1979,5118000,525876
414,GA,1980,5400851,575297
415,GA,1981,5569000,596379
416,GA,1982,5639000,561157
417,GA,1983,5732000,490303
418,GA,1984,5837000,497177
419,GA,1985,5976000,580451
420,GA,1986,6104000,630129
421,GA,1987,6222000,684890
422,GA,1988,6401000,767341
423,GA,1989,6436000,863093
424,GA,1990,6478216,827326
425,GA,1991,6623000,811224
426,GA,1992,6751000,815364
427,GA,1993,6917000,806715
428,GA,1994,7055000,800955
429,IA,2016,3130869,141321
430,IA,2017,3145711,143364
431,IA,2001,2931967,185133
432,IA,2002,2935840,194142
433,IA,2003,2941976,183283
434,IA,2004,2952904,180049
435,IA,2005,2965524,177437
436,IA,1997,2852000,208813
437,IA,1998,2862000,191460
438,IA,1999,2869413,176960
439,IA,2000,2926324,181464
440,IA,2006,2982085,176925
441,IA,2007,2988046,167871
442,IA,2008,3002555,155801
443,IA,2009,3007856,149207
444,IA,2010,3050202,146155
445,IA,2011,3064097,152487
446,IA,2012,3075039,149433
447,IA,1984,2910000,215351
448,IA,2014,3109481,139087
449,IA,1982,2905000,235314
450,IA,1996,2852000,200363
451,IA,1983,2905000,222436
452,IA,1995,2842000,223079
453,IA,2015,3121997,138435
454,IA,2013,3092341,144854
455,IA,1979,2903000,244499
456,IA,1980,2907804,270226
457,IA,1981,2897000,267361
458,IA,1985,2884000,221320
459,IA,1986,2851000,229969
460,IA,1987,2834000,228115
461,IA,1988,2834000,223787
462,IA,1989,2840000,224261
463,IA,1990,2776755,219421
464,IA,1991,2795000,222615
465,IA,1992,2812000,214734
466,IA,1993,2814000,207319
467,IA,1994,2829000,197864
468,ID,2016,1680026,62782
469,ID,2017,1716943,60227
470,ID,1996,1189000,92241
471,ID,1997,1210000,91883
472,ID,1998,1229000,87838
473,ID,1999,1251700,75792
474,ID,2000,1293953,79189
475,ID,2001,1320585,79573
476,ID,2002,1343124,81675
477,ID,2003,1367034,83446
478,ID,2004,1395140,81050
479,ID,2005,1429367,80782
480,ID,2006,1466465,73936
481,ID,2007,1499402,72450
482,ID,2008,1523816,67822
483,ID,2009,1545801,66485
484,ID,2010,1571102,66575
485,ID,2011,1583744,69179
486,ID,2012,1595590,67251
487,ID,1995,1163000,98633
488,ID,2015,1652828,61660
489,ID,2013,1612843,64127
490,ID,2014,1634806,64545
491,ID,1985,1005000,76192
492,ID,1979,905000,74145
493,ID,1980,943629,87295
494,ID,1981,959000,84183
495,ID,1982,965000,76305
496,ID,1983,989000,74105
497,ID,1984,1001000,71151
498,ID,1986,1003000,82160
499,ID,1987,998000,80822
500,ID,1988,999000,77035
501,ID,1989,1014000,77138
502,ID,1990,1006749,78914
503,ID,1991,1039000,84172
504,ID,1992,1067000,82275
505,ID,1993,1099000,81419
506,ID,1994,1133000,89146
507,IL,2016,12835726,585111
508,IL,2017,12802023,572984
509,IL,1996,11847000,1155036
510,IL,1997,11896000,1120702
511,IL,1998,12045000,1073121
512,IL,1999,12128370,1011499
513,IL,2000,12419293,971752
514,IL,2001,12520227,948566
515,IL,2002,12586447,936717
516,IL,2003,12649087,902146
517,IL,2004,12712016,876337
518,IL,2005,12765427,859836
519,IL,2006,12831970,844454
520,IL,2007,12852548,824922
521,IL,2008,12901563,826099
522,IL,2009,12910409,772750
523,IL,2010,12841980,757383
524,IL,2011,12859752,746555
525,IL,2012,12868192,722294
526,IL,1995,11830000,1172980
527,IL,2015,12839047,566040
528,IL,2013,12890552,646397
529,IL,2014,12882189,589456
530,IL,1979,11230000,1271040
531,IL,1980,11355062,1331967
532,IL,1981,11455000,1310315
533,IL,1982,11448000,1248552
534,IL,1983,11486000,1189343
535,IL,1984,11511000,1137689
536,IL,1985,11535000,1142858
537,IL,1986,11533000,1190076
538,IL,1987,11582000,1162468
539,IL,1988,11544000,1204189
540,IL,1989,11658000,1216217
541,IL,1990,11430602,1246257
542,IL,1991,11543000,1295691
543,IL,1992,11631000,1227464
544,IL,1993,11697000,1201998
545,IL,1994,11752000,1209372
546,IN,2016,6634007,364202
547,IN,2017,6666818,349630
548,IN,2009,6423113,422418
549,IN,1996,5841000,494118
550,IN,1997,5864000,493625
551,IN,1998,5899000,466481
552,IN,1999,5942901,425355
553,IN,2000,6080485,435040
554,IN,2001,6126743,445830
555,IN,2002,6156913,439931
556,IN,2003,6199571,437920
557,IN,2004,6226537,444152
558,IN,2005,6266019,453858
559,IN,2006,6313520,455869
560,IN,2007,6345289,450447
561,IN,2008,6376792,450157
562,IN,2010,6490622,420717
563,IN,2011,6516353,434801
564,IN,2012,6537782,419748
565,IN,2014,6597880,374738
566,IN,1995,5803000,507085
567,IN,2015,6612768,369841
568,IN,2013,6570713,399583
569,IN,1979,5400000,478700
570,IN,1980,5461103,517871
571,IN,1981,5466000,477616
572,IN,1982,5471000,468232
573,IN,1983,5479000,436997
574,IN,1984,5498000,415297
575,IN,1985,5499000,413454
576,IN,1986,5504000,407403
577,IN,1987,5531000,437559
578,IN,1988,5575000,441541
579,IN,1989,5593000,473919
580,IN,1990,5544159,493027
581,IN,1991,5610000,512209
582,IN,1992,5662000,501959
583,IN,1993,5713000,482239
584,IN,1994,5752000,498155
585,KS,2016,2907731,176779
586,KS,2017,2913123,175788
587,KS,1997,2595000,256257
588,KS,1996,2572000,230186
589,KS,1999,2654052,225447
590,KS,2000,2688418,226584
591,KS,2001,2702125,221983
592,KS,2002,2711769,211765
593,KS,2003,2724786,229383
594,KS,2004,2733697,229872
595,KS,2005,2748172,219877
596,KS,2006,2764075,220480
597,KS,2007,2775997,219518
598,KS,2008,2802134,202197
599,KS,2009,2818747,194171
600,KS,2010,2859143,189556
601,KS,2011,2870386,188264
602,KS,2012,2885398,193236
603,KS,2014,2902507,170891
604,KS,1998,2629000,245200
605,KS,1995,2565000,239908
606,KS,2015,2906721,172258
607,KS,2013,2895801,181921
608,KS,1979,2369000,223586
609,KS,1980,2354783,244152
610,KS,1981,2381000,248556
611,KS,1982,2408000,230400
612,KS,1983,2425000,211775
613,KS,1984,2438000,203439
614,KS,1985,2450000,205664
615,KS,1986,2461000,228290
616,KS,1987,2476000,233908
617,KS,1988,2487000,233643
618,KS,1989,2513000,240365
619,KS,1990,2477574,246235
620,KS,1991,2495000,263697
621,KS,1992,2523000,255556
622,KS,1993,2531000,239284
623,KS,1994,2554000,236268
624,KY,2010,4347223,233634
625,KY,2011,4366814,249216
626,KY,2012,4379730,236155
627,KY,2008,4269245,241981
628,KY,2009,4314113,229608
629,KY,2013,4399583,218810
630,KY,1996,3884000,233510
631,KY,1997,3908000,232024
632,KY,1998,3936000,232351
633,KY,1999,3960825,221748
634,KY,2000,4041769,227349
635,KY,2001,4068816,225222
636,KY,2002,4089822,228281
637,KY,2003,4118189,216972
638,KY,2014,4412617,209843
639,KY,2004,4141835,220570
640,KY,2005,4172608,222350
641,KY,2006,4206074,230217
642,KY,2007,4241474,228651
643,KY,2016,4436113,206465
644,KY,2017,4454189,200221
645,KY,1995,3860000,244675
646,KY,2015,4424611,205346
647,KY,1979,3527000,215844
648,KY,1980,3641479,240367
649,KY,1981,3661000,247979
650,KY,1982,3667000,250158
651,KY,1983,3714000,243171
652,KY,1984,3723000,209948
653,KY,1985,3726000,208240
654,KY,1986,3728000,218087
655,KY,1987,3727000,231157
656,KY,1988,3721000,221008
657,KY,1989,3727000,233958
658,KY,1990,3685296,228802
659,KY,1991,3713000,233122
660,KY,1992,3755000,229491
661,KY,1993,3789000,229488
662,KY,1994,3827000,238441
663,LA,1998,4369000,498813
664,LA,1999,4372035,470471
665,LA,1996,4351000,554686
666,LA,1997,4352000,524094
667,LA,2000,4468976,454248
668,LA,2001,4470368,446064
669,LA,2002,4476192,427366
670,LA,2003,4493665,416018
671,LA,2004,4506685,427150
672,LA,2005,4507331,360111
673,LA,2006,4287768,380873
674,LA,2007,4293204,393659
675,LA,2008,4410796,372808
676,LA,2009,4492076,374827
677,LA,2010,4545343,357284
678,LA,2011,4574766,363129
679,LA,2012,4602134,348757
680,LA,2013,4629284,355957
681,LA,2016,4686157,336033
682,LA,2017,4684333,342110
683,LA,1995,4342000,536005
684,LA,2015,4668960,341196
685,LA,2014,4648990,346995
686,LA,1979,4026000,404257
687,LA,1980,4199542,430138
688,LA,1981,4305000,426068
689,LA,1982,4362000,434163
690,LA,1983,4438000,417716
691,LA,1984,4462000,425807
692,LA,1985,4481000,467498
693,LA,1986,4501000,513016
694,LA,1987,4461000,493096
695,LA,1988,4420000,477537
696,LA,1989,4382000,512727
697,LA,1990,4219973,509558
698,LA,1991,4252000,505902
699,LA,1992,4287000,519085
700,LA,1993,4295000,542522
701,LA,1994,4315000,533345
702,MA,2016,6823721,239277
703,MA,2017,6859819,222090
704,MA,2005,6433367,333098
705,MA,2006,6437193,340103
706,MA,2004,6407382,345789
707,MA,1996,6092000,428394
708,MA,1997,6118000,410285
709,MA,2000,6349097,354032
710,MA,2001,6401164,364743
711,MA,2002,6421800,366643
712,MA,2003,6420357,359463
713,MA,2007,6449755,338657
714,MA,2008,6497967,342666
715,MA,2009,6593587,337567
716,MA,2010,6555466,340386
717,MA,2011,6607003,326454
718,MA,2012,6645303,314312
719,MA,2013,6708874,302324
720,MA,2014,6755124,278131
721,MA,1998,6147000,384214
722,MA,1999,6175169,368897
723,MA,1995,6074000,485681
724,MA,2015,6784240,255933
725,MA,1979,5769000,652162
726,MA,1980,5728288,662018
727,MA,1981,5770000,637129
728,MA,1982,5781000,603311
729,MA,1983,5767000,544678
730,MA,1984,5798000,501712
731,MA,1985,5822000,522664
732,MA,1986,5832000,518454
733,MA,1987,5855000,521270
734,MA,1988,5871000,549654
735,MA,1989,5913000,567472
736,MA,1990,6016425,593184
737,MA,1991,5996000,594118
738,MA,1992,5998000,553415
739,MA,1993,6012000,540055
740,MA,1994,6041000,493813
741,MD,2003,5512310,457614
742,MD,2004,5561332,443909
743,MD,2005,5589599,436335
744,MD,2008,5633597,434002
745,MD,2010,5785681,379822
746,MD,2006,5615727,429079
747,MD,2007,5618344,423868
748,MD,1996,5072000,567692
749,MD,1997,5094000,532811
750,MD,1998,5135000,510151
751,MD,1999,5171634,470393
752,MD,2000,5296486,468507
753,MD,2001,5386079,481112
754,MD,2002,5450525,476225
755,MD,2009,5699478,399975
756,MD,2011,5839572,363983
757,MD,2012,5884868,354071
758,MD,2014,5975346,328536
759,MD,2016,6024752,309423
760,MD,2017,6052177,300210
761,MD,1995,5042000,585007
762,MD,2015,5994983,314247
763,MD,2013,5938737,345276
764,MD,1979,4149000,489325
765,MD,1980,4192211,520163
766,MD,1981,4261000,521050
767,MD,1982,4265000,476602
768,MD,1983,4304000,426392
769,MD,1984,4349000,419105
770,MD,1985,4392000,435291
771,MD,1986,4463000,462839
772,MD,1987,4535000,461998
773,MD,1988,4644000,492380
774,MD,1989,4694000,482062
775,MD,1990,4781468,513624
776,MD,1991,4860000,557067
777,MD,1992,4908000,561921
778,MD,1993,4965000,556834
779,MD,1994,5006000,565535
780,ME,1998,1244000,74088
781,ME,2009,1318301,65238
782,ME,2010,1327379,67675
783,ME,2011,1328544,69563
784,ME,2005,1318220,65261
785,ME,2006,1321574,68849
786,ME,2007,1317207,66309
787,ME,1996,1243000,82825
788,ME,1997,1242000,76292
789,ME,1999,1253040,70640
790,ME,2000,1274923,65403
791,ME,2001,1284470,67743
792,ME,2002,1294894,67366
793,ME,2003,1309205,65578
794,ME,2004,1314985,64844
795,ME,2008,1316456,66636
796,ME,2012,1328501,68661
797,ME,2014,1330256,54655
798,ME,2016,1330232,45682
799,ME,2017,1335907,42036
800,ME,1995,1241000,79895
801,ME,2015,1329453,50540
802,ME,2013,1328702,62823
803,ME,1979,1097000,92281
804,ME,1980,1123670,95981
805,ME,1981,1132000,93854
806,ME,1982,1133000,85615
807,ME,1983,1146000,82543
808,ME,1984,1156000,79720
809,ME,1985,1164000,83528
810,ME,1986,1174000,79544
811,ME,1987,1187000,82050
812,ME,1988,1206000,84396
813,ME,1989,1222000,85908
814,ME,1990,1227928,89053
815,ME,1991,1235000,91431
816,ME,1992,1235000,85416
817,ME,1993,1239000,76596
818,ME,1994,1240000,79553
819,MI,2016,9933445,428055
820,MI,2017,9962311,405420
821,MI,1999,9863775,796483
822,MI,1996,9594000,920991
823,MI,1997,9774000,903495
824,MI,1998,9817000,858493
825,MI,2000,9938444,761753
826,MI,2001,10006266,760130
827,MI,2002,10043221,724426
828,MI,2003,10082364,712680
829,MI,2004,10104206,669347
830,MI,2005,10100833,681720
831,MI,2006,10095643,708169
832,MI,2007,10071822,673852
833,MI,2008,10003422,644574
834,MI,2009,9969727,620537
835,MI,2010,9877143,594700
836,MI,2011,9876801,549052
837,MI,2012,9882519,545885
838,MI,2014,9916306,449644
839,MI,1995,9549000,924126
840,MI,2015,9917715,426117
841,MI,2013,9898193,507026
842,MI,1979,9208000,1075472
843,MI,1980,9228128,1173116
844,MI,1981,9201000,1202222
845,MI,1982,9109000,1176196
846,MI,1983,9069000,1109893
847,MI,1984,9075000,1120937
848,MI,1985,9088000,1090418
849,MI,1986,9145000,1113771
850,MI,1987,9200000,1116280
851,MI,1988,9300000,1062714
852,MI,1989,9273000,1041124
853,MI,1990,9295297,1040996
854,MI,1991,9368000,1074794
855,MI,1992,9437000,986272
856,MI,1993,9478000,958555
857,MI,1994,9496000,961401
858,MI,1979,2406000,134680
859,MI,1980,2511491,163056
860,MI,1981,2530000,171284
861,MI,1982,2551000,174759
862,MI,1983,2587000,158735
863,MI,1984,2598000,151664
864,MI,1985,2613000,163587
865,MI,1986,2625000,168420
866,MI,1987,2625000,173445
867,MI,1988,2627000,180224
868,MI,1989,2621000,176116
869,MI,1990,2573216,190364
870,MI,1991,2592000,208719
871,MI,1992,2614000,213125
872,MI,1993,2643000,222083
873,MI,1994,2669000,245025
874,MN,2016,5525050,249308
875,MN,2017,5576606,258240
876,MN,1996,4658000,400000
877,MN,1997,4686000,397839
878,MN,1998,4725000,367738
879,MN,1999,4775508,330519
880,MN,2000,4919479,329409
881,MN,2001,4984535,343237
882,MN,2002,5024791,341480
883,MN,2003,5064172,328642
884,MN,2004,5096546,323789
885,MN,2005,5126739,331845
886,MN,2006,5167101,334594
887,MN,2007,5197621,332791
888,MN,2008,5220393,314039
889,MN,2010,5310658,286175
890,MN,2011,5347299,285470
891,MN,2012,5379646,289665
892,MN,2009,5266214,292344
893,MN,1995,4610000,398238
894,MN,2015,5482435,257885
895,MN,2013,5422060,275824
896,MN,2014,5457125,263900
897,MN,1979,4060000,347725
898,MN,1980,4061235,380586
899,MN,1981,4090000,378118
900,MN,1982,4133000,359158
901,MN,1983,4144000,326445
902,MN,1984,4162000,310966
903,MN,1985,4193000,335945
904,MN,1986,4214000,355655
905,MN,1987,4246000,379854
906,MN,1988,4306000,359094
907,MN,1989,4353000,369053
908,MN,1990,4375099,383762
909,MN,1991,4432000,384542
910,MN,1992,4480000,396184
911,MN,1993,4517000,382680
912,MN,1994,4567000,380109
913,MO,2016,6091176,374391
914,MO,2017,6113532,379958
915,MO,1996,5359000,513231
916,MO,2008,5911605,464555
917,MO,2009,5987580,434703
918,MO,1997,5402000,488970
919,MO,1998,5439000,494790
920,MO,1999,5468338,473373
921,MO,2000,5595211,479257
922,MO,2001,5637309,507294
923,MO,2002,5669544,491597
924,MO,2003,5719204,495195
925,MO,2004,5759532,477484
926,MO,2005,5797703,486095
927,MO,2006,5842713,479911
928,MO,2007,5878415,485057
929,MO,2010,5995715,430698
930,MO,2011,6008984,426569
931,MO,2012,6024522,428355
932,MO,2013,6044917,406733
933,MO,2014,6063827,381158
934,MO,1995,5324000,509895
935,MO,2015,6076204,379165
936,MO,1979,4868000,455280
937,MO,1980,4901288,505407
938,MO,1981,4938000,501825
939,MO,1982,4951000,464854
940,MO,1983,4970000,426554
941,MO,1984,5008000,407317
942,MO,1985,5029000,413815
943,MO,1986,5066000,442236
944,MO,1987,5103000,452652
945,MO,1988,5139000,469549
946,MO,1989,5159000,496382
947,MO,1990,5117073,487446
948,MO,1991,5158000,519322
949,MO,1992,5193000,490940
950,MO,1993,5234000,494425
951,MO,1994,5278000,521036
952,MS,2016,2985415,173780
953,MS,2017,2984100,171903
954,MS,2012,2986450,175974
955,MS,1996,2716000,232423
956,MS,1997,2731000,240096
957,MS,1998,2752000,229992
958,MS,1999,2768619,226791
959,MS,2000,2844658,217555
960,MS,2001,2859733,229224
961,MS,2002,2866733,229026
962,MS,2003,2882594,223070
963,MS,2004,2900768,210528
964,MS,2005,2908496,198593
965,MS,2006,2910540,194782
966,MS,2007,2918785,190594
967,MS,2008,2938618,180278
968,MS,2009,2951996,183515
969,MS,2010,2970072,185594
970,MS,2011,2977457,188077
971,MS,1995,2697000,229950
972,MS,2015,2989390,180029
973,MS,2013,2992206,171811
974,MS,2014,2993443,182604
975,MT,2016,1038656,60378
976,MT,2017,1050493,58580
977,MT,1996,879000,77583
978,MT,1997,879000,76345
979,MT,1998,880000,74925
980,MT,1999,882779,60296
981,MT,2000,902195,67203
982,MT,2001,905382,63537
983,MT,2002,910372,60699
984,MT,2003,918157,60207
985,MT,2004,926920,57153
986,MT,2005,934737,61448
987,MT,2006,944632,57536
988,MT,2007,957861,59592
989,MT,2008,967440,55830
990,MT,2009,974989,52628
991,MT,2010,990958,53723
992,MT,2011,997667,50683
993,MT,2012,1005494,55288
994,MT,2013,1014864,55460
995,MT,2014,1023252,54542
996,MT,1995,870000,81983
997,MT,2015,1032073,58347
998,MT,1979,786000,68358
999,MT,1980,781592,76802
1000,MT,1981,792000,77496
1001,MT,1982,801000,67617
1002,MT,1983,817000,74153
1003,MT,1984,824000,74718
1004,MT,1985,826000,73432
1005,MT,1986,819000,72075
1006,MT,1987,809000,73195
1007,MT,1988,804000,67625
1008,MT,1989,806000,63505
1009,MT,1990,799065,70677
1010,MT,1991,808000,57824
1011,MT,1992,824000,74344
1012,MT,1993,839000,78887
1013,MT,1994,856000,84406
1014,NB,2016,1907603,92055
1015,NB,2017,1920076,93199
1016,NB,2003,1737475,135483
1017,NB,2004,1747704,128417
1018,NB,2005,1758163,125748
1019,NB,1996,1652000,139402
1020,NB,1997,1657000,134699
1021,NB,1998,1663000,139011
1022,NB,1999,1666028,129721
1023,NB,2000,1711263,134564
1024,NB,2001,1720039,143140
1025,NB,2002,1727564,141784
1026,NB,2006,1768331,124019
1027,NB,2007,1774571,117054
1028,NB,2008,1783432,108270
1029,NB,2009,1796619,104661
1030,NB,2010,1830141,102747
1031,NB,2011,1842234,106460
1032,NB,2012,1855350,107208
1033,NB,2013,1868969,103343
1034,NB,1995,1637000,142533
1035,NB,2015,1893765,90361
1036,NB,2014,1882980,100253
1037,NB,1979,1574000,122146
1038,NB,1980,1563921,131148
1039,NB,1981,1576000,128815
1040,NB,1982,1586000,121679
1041,NB,1983,1597000,117501
1042,NB,1984,1606000,108679
1043,NB,1985,1606000,114849
1044,NB,1986,1598000,119032
1045,NB,1987,1594000,127710
1046,NB,1988,1601000,128190
1047,NB,1989,1611000,127329
1048,NB,1990,1578385,127789
1049,NB,1991,1593000,133392
1050,NB,1992,1606000,133290
1051,NB,1993,1607000,131521
1052,NB,1994,1623000,137814
1053,NC,2016,10156689,594628
1054,NC,2017,10273419,561581
1055,NC,1996,7323000,766300
1056,NC,1997,7425000,770415
1057,NC,1998,7546000,759507
1058,NC,1999,7650789,750468
1059,NC,2000,8049313,751893
1060,NC,2001,8206105,768019
1061,NC,2002,8305820,746534
1062,NC,2003,8421190,757563
1063,NC,2004,8540468,748900
1064,NC,2005,8672459,748360
1065,NC,2006,8856505,771186
1066,NC,2007,9061032,784224
1067,NC,2008,9222414,790789
1068,NC,2009,9380884,727308
1069,NC,2010,9560234,694889
1070,NC,2011,9651103,710759
1071,NC,2012,9748364,693458
1072,NC,2013,9848917,646317
1073,NC,2014,9940387,605226
1074,NC,1995,7195000,765020
1075,NC,2015,10035186,587857
1076,NC,1979,5606000,465235
1077,NC,1980,5843665,515759
1078,NC,1981,5951000,512010
1079,NC,1982,6019000,520051
1080,NC,1983,6082000,483991
1081,NC,1984,6165000,473759
1082,NC,1985,6255000,489257
1083,NC,1986,6331000,518370
1084,NC,1987,6413000,565353
1085,NC,1988,6526000,601867
1086,NC,1989,6571000,654548
1087,NC,1990,6628637,685944
1088,NC,1991,6737000,749091
1089,NC,1992,6843000,747494
1090,NC,1993,6945000,737932
1091,NC,1994,7070000,749102
1092,ND,2016,755548,36900
1093,ND,1996,644000,33837
1094,ND,1997,641000,34201
1095,ND,1998,638000,33640
1096,ND,1999,633666,29920
1097,ND,2000,642200,28865
1098,ND,2001,636550,30173
1099,ND,2002,633911,30020
1100,ND,2003,633400,27236
1101,ND,2004,636308,25544
1102,ND,2005,634605,26402
1103,ND,2006,635867,27973
1104,ND,2007,639715,27061
1105,ND,2008,641481,27610
1106,ND,2009,646844,27432
1107,ND,2010,674629,25650
1108,ND,2011,684740,28446
1109,ND,2012,701345,30420
1110,ND,2014,740040,33922
1111,ND,2017,755393,35439
1112,ND,1995,641000,36190
1113,ND,2015,756835,37459
1114,ND,2013,723857,32841
1115,ND,1979,657000,35809
1116,ND,1980,652437,38320
1117,ND,1981,658000,38918
1118,ND,1982,670000,35070
1119,ND,1983,680000,36021
1120,ND,1984,686000,35076
1121,ND,1985,685000,36386
1122,ND,1986,679000,35034
1123,ND,1987,672000,37694
1124,ND,1988,663000,35782
1125,ND,1989,660000,33387
1126,ND,1990,638800,36864
1127,ND,1991,635000,35067
1128,ND,1992,636000,36400
1129,ND,1993,635000,35296
1130,ND,1994,638000,34388
1131,NH,2016,1335015,43487
1132,NH,2017,1342795,39905
1133,NH,2007,1315828,54981
1134,NH,2010,1316807,60978
1135,NH,2011,1317807,68641
1136,NH,2013,1322616,63994
1137,NH,1996,1162000,64245
1138,NH,1997,1173000,60598
1139,NH,1998,1185000,56080
1140,NH,1999,1201134,53653
1141,NH,2004,1299169,55518
1142,NH,2005,1306819,49823
1143,NH,2006,1314895,53905
1144,NH,2008,1315809,59129
1145,NH,2009,1324575,59952
1146,NH,2012,1321617,67314
1147,NH,2014,1327996,55004
1148,NH,2000,1235786,57969
1149,NH,2001,1259359,56322
1150,NH,2002,1274405,54556
1151,NH,2003,1288705,54849
1152,NH,1995,1148000,59654
1153,NH,2015,1330111,49737
1154,NH,1979,887000,79987
1155,NH,1980,919114,84369
1156,NH,1981,935000,79443
1157,NH,1982,951000,71645
1158,NH,1983,959000,63174
1159,NH,1984,977000,60002
1160,NH,1985,998000,63503
1161,NH,1986,1027000,66967
1162,NH,1987,1057000,69697
1163,NH,1988,1097000,71524
1164,NH,1989,1107000,77755
1165,NH,1990,1109252,79411
1166,NH,1991,1105000,74878
1167,NH,1992,1111000,67053
1168,NH,1993,1125000,63812
1169,NH,1994,1137000,61002
1170,NJ,2016,8978416,298461
1171,NJ,2017,9005644,301350
1172,NJ,2012,8867749,389515
1173,NJ,1996,7988000,649773
1174,NJ,1997,8053000,613749
1175,NJ,1998,8115000,557340
1176,NJ,1999,8143412,520206
1177,NJ,2000,8414350,499572
1178,NJ,2001,8511116,514196
1179,NJ,2002,8575252,487682
1180,NJ,2003,8642412,472188
1181,NJ,2004,8685166,453569
1182,NJ,2005,8703150,437701
1183,NJ,2006,8724560,428190
1184,NJ,2007,8685920,414538
1185,NJ,2008,8682661,427831
1186,NJ,2009,8707739,389713
1187,NJ,2010,8799593,394133
1188,NJ,2011,8834773,407553
1189,NJ,1995,7945000,699764
1190,NJ,2015,8935421,314885
1191,NJ,2013,8911502,361656
1192,NJ,2014,8938844,333872
1193,NJ,1979,7332000,816783
1194,NJ,1980,7342164,895619
1195,NJ,1981,7401000,868060
1196,NJ,1982,7438000,799207
1197,NJ,1983,7468000,729896
1198,NJ,1984,7515000,690121
1199,NJ,1985,7562000,729306
1200,NJ,1986,7620000,755151
1201,NJ,1987,7672000,765817
1202,NJ,1988,7720000,772607
1203,NJ,1989,7736000,768175
1204,NJ,1990,7730188,792103
1205,NJ,1991,7760000,793681
1206,NJ,1992,7789000,740181
1207,NJ,1993,7879000,707124
1208,NJ,1994,7904000,688256
1209,NM,2016,2085432,178866
1210,NM,2017,2088070,181305
1211,NM,1996,1713000,211795
1212,NM,1997,1730000,224204
1213,NM,1998,1737000,216722
1214,NM,1999,1739844,192960
1215,NM,2000,1819046,186996
1216,NM,2001,1830935,180478
1217,NM,2002,1852044,174673
1218,NM,2003,1878562,166167
1219,NM,2004,1903006,172871
1220,NM,2005,1925985,171598
1221,NM,2006,1954599,164797
1222,NM,2007,1969915,164179
1223,NM,2008,1984356,164974
1224,NM,2009,2009671,162436
1225,NM,2010,2065913,154119
1226,NM,2011,2078674,159437
1227,NM,2012,2083540,162293
1228,NM,2013,2086895,171285
1229,NM,2014,2085567,160633
1230,NM,1995,1685000,202820
1231,NM,2015,2080328,168425
1232,NM,1979,1241000,136398
1233,NM,1980,1295474,146947
1234,NM,1981,1327000,155651
1235,NM,1982,1359000,169614
1236,NM,1983,1399000,167958
1237,NM,1984,1424000,168014
1238,NM,1985,1450000,177893
1239,NM,1986,1479000,185263
1240,NM,1987,1500000,186977
1241,NM,1988,1510000,189572
1242,NM,1989,1528000,190141
1243,NM,1990,1515069,190717
1244,NM,1991,1548000,193870
1245,NM,1992,1581000,188665
1246,NM,1993,1616000,187496
1247,NM,1994,1654000,189984
1248,NV,2016,2939254,172131
1249,NV,2017,2998039,173681
1250,NV,1999,1809253,158059
1251,NV,1998,1747000,173256
1252,NV,1996,1603000,179099
1253,NV,1997,1677000,190009
1254,NV,2009,2643085,181133
1255,NV,2010,2704283,168394
1256,NV,2000,1998257,160120
1257,NV,2001,2097722,167331
1258,NV,2002,2167455,181648
1259,NV,2003,2242207,206069
1260,NV,2004,2332898,210809
1261,NV,2005,2412301,219502
1262,NV,2006,2495529,223363
1263,NV,2007,2565382,214261
1264,NV,2008,2600167,199660
1265,NV,2011,2720028,156061
1266,NV,2012,2754354,172255
1267,NV,2013,2791494,175660
1268,NV,2014,2838281,167617
1269,NV,1995,1530000,186867
1270,NV,2015,2883758,174850
1271,NV,1979,702000,118130
1272,NV,1980,800312,134416
1273,NV,1981,845000,137629
1274,NV,1982,881000,132120
1275,NV,1983,891000,113580
1276,NV,1984,911000,113816
1277,NV,1985,936000,116832
1278,NV,1986,963000,114217
1279,NV,1987,1007000,121314
1280,NV,1988,1060000,128531
1281,NV,1989,1111000,132411
1282,NV,1990,1201833,138526
1283,NV,1991,1284000,153059
1284,NV,1992,1327000,155401
1285,NV,1993,1389000,159527
1286,NV,1994,1457000,179983
1287,NY,2016,19836286,685824
1288,NY,2017,19849399,673010
1289,NY,1996,18185000,1370706
1290,NY,1997,18137000,1293766
1291,NY,1998,18175000,1188489
1292,NY,1999,18196601,1086339
1293,NY,2000,18976457,1071267
1294,NY,2001,19084350,1014028
1295,NY,2002,19134293,979212
1296,NY,2003,19212425,953644
1297,NY,2004,19280727,930382
1298,NY,2005,19315721,897819
1299,NY,2006,19306183,881170
1300,NY,2007,19297729,848668
1301,NY,2008,19490297,856165
1302,NY,2009,19541453,831428
1303,NY,2010,19395206,837105
1304,NY,2011,19501616,822545
1305,NY,2012,19576125,831654
1306,NY,1995,18136000,1501367
1307,NY,2015,19747183,710577
1308,NY,2013,19695680,795938
1309,NY,2014,19748858,755284
1310,NY,1979,17649000,2028374
1311,NY,1980,17506690,2239733
1312,NY,1981,17594000,2241692
1313,NY,1982,17659000,2109571
1314,NY,1983,17667000,1924133
1315,NY,1984,17735000,1816095
1316,NY,1985,17783000,1822257
1317,NY,1986,17772000,1874864
1318,NY,1987,17825000,1942351
1319,NY,1988,17898000,2062086
1320,NY,1989,17950000,2056234
1321,NY,1990,17990455,2077290
1322,NY,1991,18058000,2045118
1323,NY,1992,18119000,1919667
1324,NY,1993,18197000,1825000
1325,NY,1994,18169000,1667123
1326,OH,2016,11622554,640186
1327,OH,2017,11658609,600208
1328,OH,2005,11470685,881572
1329,OH,1996,11173000,947766
1330,OH,1997,11186000,960804
1331,OH,1998,11209000,929504
1332,OH,1999,11256654,864144
1333,OH,2000,11353140,879813
1334,OH,2001,11389785,910253
1335,OH,2002,11408699,898080
1336,OH,2003,11437680,873151
1337,OH,2004,11450143,877461
1338,OH,2006,11478006,888159
1339,OH,2007,11466917,840036
1340,OH,2008,11485910,827427
1341,OH,2009,11542645,794667
1342,OH,2010,11537968,793230
1343,OH,2011,11541007,799446
1344,OH,2012,11553031,779252
1345,OH,1995,11151000,928647
1346,OH,2015,11605090,644305
1347,OH,2013,11572005,713207
1348,OH,2014,11596998,680325
1349,OH,1979,10731000,1051870
1350,OH,1980,10766808,1115928
1351,OH,1981,10776000,1120505
1352,OH,1982,10791000,1018062
1353,OH,1983,10746000,925483
1354,OH,1984,10752000,877452
1355,OH,1985,10744000,858764
1356,OH,1986,10752000,892034
1357,OH,1987,10784000,941364
1358,OH,1988,10872000,960924
1359,OH,1989,10907000,981395
1360,OH,1990,10847115,995842
1361,OH,1991,10939000,1039660
1362,OH,1992,11016000,969969
1363,OH,1993,11091000,939015
1364,OH,1994,11102000,936690
1365,OK,2016,3921207,254655
1366,OK,2017,3930864,244789
1367,OK,1996,3301000,353494
1368,OK,1997,3317000,345956
1369,OK,1998,3347000,316905
1370,OK,1999,3358044,297506
1371,OK,2000,3450654,297427
1372,OK,2001,3469577,301084
1373,OK,2002,3489700,313843
1374,OK,2003,3506469,320174
1375,OK,2004,3523546,316579
1376,OK,2005,3543442,304856
1377,OK,2006,3579212,277361
1378,OK,2007,3617316,276748
1379,OK,2008,3642361,273690
1380,OK,2009,3687050,284170
1381,OK,2010,3760184,278061
1382,OK,2011,3784163,273556
1383,OK,2012,3815780,281003
1384,OK,2013,3853118,270855
1385,OK,2014,3879610,251745
1386,OK,1995,3278000,345156
1387,OK,2015,3907414,245606
1388,OK,1979,2892000,260305
1389,OK,1980,3001252,290711
1390,OK,1981,3098000,286497
1391,OK,1982,3177000,317731
1392,OK,1983,3298000,311162
1393,OK,1984,3298000,309272
1394,OK,1985,3301000,344230
1395,OK,1986,3305000,383107
1396,OK,1987,3272000,380654
1397,OK,1988,3263000,350567
1398,OK,1989,3224000,338963
1399,OK,1990,3145585,335000
1400,OK,1991,3175000,341431
1401,OK,1992,3212000,328923
1402,OK,1993,3231000,321604
1403,OK,1994,3258000,341725
1404,OR,2016,4085989,255328
1405,OR,2017,4142776,260086
1406,OR,1996,3204000,369427
1407,OR,1997,3243000,392244
1408,OR,1998,3282000,356868
1409,OR,1999,3316154,319300
1410,OR,2001,3473441,339698
1411,OR,2002,3520355,332588
1412,OR,2003,3564330,350232
1413,OR,2004,3591363,343674
1414,OR,2005,3638871,330842
1415,OR,2006,3700758,286250
1416,OR,2007,3747455,277967
1417,OR,2008,3790060,261409
1418,OR,2009,3825657,240702
1419,OR,2010,3838332,243982
1420,OR,2011,3868229,254407
1421,OR,2012,3899801,263472
1422,OR,2014,3971202,257396
1423,OR,2000,3421399,319560
1424,OR,1995,3141000,395938
1425,OR,2015,4024634,250755
1426,OR,2013,3928068,260511
1427,OR,1979,2527000,308309
1428,OR,1980,2610477,336320
1429,OR,1981,2647000,359863
1430,OR,1982,2649000,335417
1431,OR,1983,2662000,319810
1432,OR,1984,2674000,320379
1433,OR,1985,2687000,346853
1434,OR,1986,2698000,367244
1435,OR,1987,2724000,364973
1436,OR,1988,2741000,371999
1437,OR,1989,2820000,332863
1438,OR,1990,2842321,306551
1439,OR,1991,2922000,321535
1440,OR,1992,2977000,331389
1441,OR,1993,3032000,334370
1442,OR,1994,3086000,372547
1443,PA,2016,12787085,487010
1444,PA,2017,12805537,464039
1445,PA,1996,12056000,799607
1446,PA,1997,12020000,771786
1447,PA,1998,12001000,735106
1448,PA,1999,11994016,696473
1449,PA,2000,12281054,684132
1450,PA,2001,12303104,677248
1451,PA,2002,12328827,651314
1452,PA,2003,12370761,650488
1453,PA,2004,12394471,650220
1454,PA,2005,12405348,653649
1455,PA,2006,12440621,664206
1456,PA,2007,12432792,641920
1457,PA,2008,12448279,653828
1458,PA,2009,12604767,604722
1459,PA,2010,12717722,601408
1460,PA,2011,12743948,614858
1461,PA,2012,12764475,600254
1462,PA,1995,12072000,760832
1463,PA,2015,12791904,506048
1464,PA,2013,12781296,570863
1465,PA,2014,12793767,536194
1466,PA,1979,11731000,780961
1467,PA,1980,11824220,840554
1468,PA,1981,11864000,829848
1469,PA,1982,11865000,776573
1470,PA,1983,11895000,719424
1471,PA,1984,11901000,690074
1472,PA,1985,11853000,680816
1473,PA,1986,11889000,694927
1474,PA,1987,11936000,711039
1475,PA,1988,12027000,720506
1476,PA,1989,12040000,763602
1477,PA,1990,11881643,774823
1478,PA,1991,11961000,797452
1479,PA,1992,12009000,763586
1480,PA,1993,12048000,737977
1481,PA,1994,12052000,737227
1482,RI,2016,1057566,40489
1483,RI,2017,1059639,39712
1484,RI,1996,990000,75635
1485,RI,1997,987000,68846
1486,RI,1998,988000,66428
1487,RI,1999,990819,68154
1488,RI,2000,1048319,69767
1489,RI,2001,1059659,74762
1490,RI,2002,1068326,73735
1491,RI,2003,1076084,67536
1492,RI,2004,1079916,65005
1493,RI,2005,1073579,61284
1494,RI,2006,1067610,58288
1495,RI,2007,1057832,57803
1496,RI,2008,1050788,62650
1497,RI,2009,1053209,58027
1498,RI,2010,1052528,56867
1499,RI,2011,1050646,58725
1500,RI,2012,1050304,56917
1501,RI,2013,1053354,54366
1502,RI,2014,1054907,48443
1503,RI,1995,990000,80399
1504,RI,2015,1055607,42813
1505,RI,1979,929000,103713
1506,RI,1980,945835,108362
1507,RI,1981,952000,107213
1508,RI,1982,958000,98927
1509,RI,1983,955000,92212
1510,RI,1984,962000,88632
1511,RI,1985,968000,88091
1512,RI,1986,975000,92327
1513,RI,1987,986000,100683
1514,RI,1988,995000,99621
1515,RI,1989,998000,100516
1516,RI,1990,1003464,103090
1517,RI,1991,1004000,96552
1518,RI,1992,1005000,88053
1519,RI,1993,1000000,85963
1520,RI,1994,997000,78390
1521,SC,2016,4959822,348883
1522,SC,2017,5024369,347260
1523,SC,1996,3699000,422847
1524,SC,1997,3760000,424039
1525,SC,1998,3836000,408567
1526,SC,1999,3885736,380894
1527,SC,2000,4012012,395805
1528,SC,2001,4062125,405222
1529,SC,2002,4103770,401377
1530,SC,2003,4148744,408639
1531,SC,2004,4197892,414072
1532,SC,2005,4246933,403802
1533,SC,2006,4321249,402746
1534,SC,2007,4407709,414579
1535,SC,2008,4479800,413712
1536,SC,2009,4561242,388250
1537,SC,2010,4637106,390953
1538,SC,2011,4673348,395331
1539,SC,2012,4723417,389385
1540,SC,1995,3673000,409379
1541,SC,2015,4894834,350805
1542,SC,2013,4771929,371537
1543,SC,2014,4829160,361279
1544,SC,1979,2932000,277191
1545,SC,1980,3064557,313147
1546,SC,1981,3166000,316529
1547,SC,1982,3203000,320375
1548,SC,1983,3264000,291313
1549,SC,1984,3300000,287147
1550,SC,1985,3347000,302905
1551,SC,1986,3378000,324293
1552,SC,1987,3425000,330815
1553,SC,1988,3493000,352217
1554,SC,1989,3512000,366120
1555,SC,1990,3486703,387508
1556,SC,1991,3560000,405339
1557,SC,1992,3603000,390625
1558,SC,1993,3643000,392839
1559,SC,1994,3664000,401984
1560,SD,2016,861542,38176
1561,SD,2017,869666,36542
1562,SD,1996,732000,42183
1563,SD,1997,738000,46439
1564,SD,1998,738000,37593
1565,SD,1999,733133,37545
1566,SD,2000,754844,33763
1567,SD,2001,758324,34117
1568,SD,2002,760437,33334
1569,SD,2003,764905,31977
1570,SD,2004,770621,31089
1571,SD,2005,774883,28775
1572,SD,2006,781919,29695
1573,SD,2007,796214,29713
1574,SD,2008,804194,30091
1575,SD,2009,812383,30617
1576,SD,2010,816598,32656
1577,SD,2011,823593,32845
1578,SD,2012,834047,37586
1579,SD,2014,853304,34963
1580,SD,1995,729000,43111
1581,SD,2015,857919,36869
1582,SD,2013,845510,35429
1583,SD,1979,689000,39690
1584,SD,1980,688217,43767
1585,SD,1981,685000,40562
1586,SD,1982,691000,35868
1587,SD,1983,700000,34826
1588,SD,1984,706000,35847
1589,SD,1985,708000,36427
1590,SD,1986,708000,37575
1591,SD,1987,709000,37125
1592,SD,1988,715000,36095
1593,SD,1989,715000,37429
1594,SD,1990,696004,39365
1595,SD,1991,703000,42013
1596,SD,1992,711000,41261
1597,SD,1993,715000,40812
1598,SD,1994,721000,43093
1599,TN,2016,6649404,425951
1600,TN,1996,5320000,538633
1601,TN,1997,5368000,549357
1602,TN,1998,5431000,508008
1603,TN,1999,5483535,476715
1604,TN,2000,5689283,516203
1605,TN,2001,5749398,548760
1606,TN,2002,5789796,540360
1607,TN,2003,5845208,553539
1608,TN,2004,5893298,551095
1609,TN,2005,5955745,557290
1610,TN,2006,6038803,545763
1611,TN,2007,6156719,552486
1612,TN,2008,6214888,548370
1613,TN,2009,6296254,517487
1614,TN,2010,6357436,505782
1615,TN,2011,6399787,501843
1616,TN,2012,6454914,478287
1617,TN,2013,6497269,454534
1618,TN,2014,6547779,442899
1619,TN,2017,6715984,439684
1620,TN,1995,5256000,523179
1621,TN,2015,6595056,433840
1622,TN,1979,4380000,333437
1623,TN,1980,4545590,388088
1624,TN,1981,4610000,378493
1625,TN,1982,4651000,390970
1626,TN,1983,4685000,357056
1627,TN,1984,4717000,345934
1628,TN,1985,4762000,374246
1629,TN,1986,4803000,409641
1630,TN,1987,4855000,427132
1631,TN,1988,4919000,413499
1632,TN,1989,4940000,418826
1633,TN,1990,4877185,459994
1634,TN,1991,4953000,495667
1635,TN,1992,5024000,478555
1636,TN,1993,5099000,495281
1637,TN,1994,5175000,491199
1638,TX,1996,19128000,2060734
1639,TX,1997,19439000,2013588
1640,TX,1998,19760000,1908558
1641,TX,1999,20044141,1904828
1642,TX,2000,20851820,1952969
1643,TX,2001,21370983,2075463
1644,TX,2002,21736925,2134566
1645,TX,2003,22103374,2155716
1646,TX,2004,22471549,2142958
1647,TX,2005,22928508,2101677
1648,TX,2006,23507783,2041294
1649,TX,2007,23904380,2098767
1650,TX,2008,24326974,2069630
1651,TX,2009,24782302,2117848
1652,TX,2010,25253466,2021251
1653,TX,2011,25631778,1895391
1654,TX,2012,26060796,1863831
1655,TX,2017,28304596,1578206
1656,TX,2016,27904862,1664373
1657,TX,1995,18724000,2004369
1658,TX,2015,27429639,1675194
1659,TX,2013,26505637,1837292
1660,TX,2014,26979078,1740569
1661,TX,1979,13385000,1518206
1662,TX,1980,14169829,1662938
1663,TX,1981,14755000,1706886
1664,TX,1982,15280000,1837776
1665,TX,1983,15724000,1777170
1666,TX,1984,15989000,1847519
1667,TX,1985,16370000,2060560
1668,TX,1986,16682000,2361719
1669,TX,1987,16789000,2487077
1670,TX,1988,16780000,2581239
1671,TX,1989,16991000,2581843
1672,TX,1990,16986510,2529645
1673,TX,1991,17349000,2567311
1674,TX,1992,17656000,2349927
1675,TX,1993,18031000,2184643
1676,TX,1994,18378000,2028612
1677,UT,2004,2420708,201171
1678,UT,2005,2490334,196704
1679,UT,1996,2000000,232796
1680,UT,1997,2059000,240016
1681,UT,1998,2100000,224649
1682,UT,1999,2129836,206129
1683,UT,2000,2233169,194205
1684,UT,2006,2550063,184915
1685,UT,2007,2645330,192844
1686,UT,2008,2736424,191223
1687,UT,2009,2784572,189838
1688,UT,2010,2775479,182840
1689,UT,2011,2814347,174007
1690,UT,2012,2854871,178787
1691,UT,2013,2902787,183544
1692,UT,2001,2278712,187300
1693,UT,2002,2318789,200770
1694,UT,2003,2352119,206057
1695,UT,2017,3101833,180110
1696,UT,2016,3044321,188791
1697,UT,2014,2944498,177702
1698,UT,1995,1951000,231249
1699,UT,2015,2990632,186970
1700,UT,1979,1367000,145994
1701,UT,1980,1458729,167139
1702,UT,1981,1516000,169813
1703,UT,1982,1554000,161342
1704,UT,1983,1619000,161574
1705,UT,1984,1652000,153441
1706,UT,1985,1645000,170542
1707,UT,1986,1665000,177989
1708,UT,1987,1680000,184925
1709,UT,1988,1691000,184556
1710,UT,1989,1707000,189571
1711,UT,1990,1722850,190132
1712,UT,1991,1770000,193433
1713,UT,1992,1813000,199911
1714,UT,1993,1860000,189231
1715,UT,1994,1908000,196474
1716,VA,1996,6675000,506982
1717,VA,1997,6734000,498795
1718,VA,1998,6791000,475037
1719,VA,1999,6872912,442146
1720,VA,2000,7078515,408753
1721,VA,2001,7196750,435951
1722,VA,2002,7287829,436822
1723,VA,2003,7365284,421388
1724,VA,2004,7481332,421344
1725,VA,2005,7564327,422242
1726,VA,2006,7642884,402197
1727,VA,2007,7712091,406234
1728,VA,2008,7769089,415000
1729,VA,2009,7882590,407594
1730,VA,2010,8023953,393239
1731,VA,2011,8104384,382997
1732,VA,2012,8186628,373795
1733,VA,2016,8414380,333953
1734,VA,2017,8470020,322162
1735,VA,2014,8328098,341252
1736,VA,1995,6618000,504089
1737,VA,2015,8367587,333205
1738,VA,2013,8270345,360424
1739,VA,1979,5197000,437670
1740,VA,1980,5323412,475529
1741,VA,1981,5426000,489424
1742,VA,1982,5491000,450396
1743,VA,1983,5550000,423500
1744,VA,1984,5636000,409822
1745,VA,1985,5706000,414455
1746,VA,1986,5787000,429024
1747,VA,1987,5904000,450122
1748,VA,1988,5996000,482932
1749,VA,1989,6098000,494571
1750,VA,1990,6187358,527820
1751,VA,1991,6286000,555779
1752,VA,1992,6377000,524329
1753,VA,1993,6491000,510110
1754,VA,1994,6552000,506963
1755,VT,1996,589000,34660
1756,VT,1997,589000,32611
1757,VT,1998,591000,36476
1758,VT,1999,593740,32794
1759,VT,2000,608827,35679
1760,VT,2001,612978,33312
1761,VT,2002,616408,30542
1762,VT,2003,619343,28313
1763,VT,2004,621233,29831
1764,VT,2005,622387,30280
1765,VT,2006,623908,30745
1766,VT,2007,621254,30285
1767,VT,2008,621270,32747
1768,VT,2009,621760,30934
1769,VT,2010,625909,29194
1770,VT,2011,626592,31160
1771,VT,2012,625953,32270
1772,VT,2016,623354,20303
1773,VT,2017,623657,18991
1774,VT,2014,626767,20120
1775,VT,1995,585000,39482
1776,VT,2015,626088,18902
1777,VT,2013,626855,28612
1778,VT,1979,493000,51342
1779,VT,1980,511299,50098
1780,VT,1981,515000,51467
1781,VT,1982,516000,47765
1782,VT,1983,525000,42698
1783,VT,1984,530000,41291
1784,VT,1985,535000,40812
1785,VT,1986,541000,42223
1786,VT,1987,548000,46064
1787,VT,1988,556000,46363
1788,VT,1989,567000,45611
1789,VT,1990,562758,48142
1790,VT,1991,567000,44190
1791,VT,1992,570000,38250
1792,VT,1993,576000,45104
1793,VT,1994,580000,37142
1794,WA,1990,4866692,581290
1795,WA,1991,5018000,606454
1796,WA,1992,5136000,606616
1797,WA,1993,5255000,598546
1798,WA,1994,5343000,616785
1799,WA,1996,5533000,630079
1800,WA,1997,5610000,640208
1801,WA,1998,5689000,643218
1802,WA,1999,5756361,583302
1803,WA,2000,5894121,580076
1804,WA,2001,5993390,595726
1805,WA,2002,6067060,598898
1806,WA,2003,6131298,604356
1807,WA,2004,6207046,623004
1808,WA,2005,6291899,637067
1809,WA,2006,6395798,599215
1810,WA,2007,6468424,547220
1811,WA,2008,6549224,522062
1812,WA,2009,6664195,514413
1813,WA,2010,6742950,521357
1814,WA,2011,6823267,509889
1815,WA,2012,6895318,530584
1816,WA,2016,7280934,533216
1817,WA,2017,7405743,493734
1818,WA,2014,7063166,543876
1819,WA,1995,5431000,654726
1820,WA,2015,7160290,520720
1821,WA,2013,6973742,539627
1822,WA,1979,3926000,495634
1823,WA,1980,4113331,549774
1824,WA,1981,4212000,549109
1825,WA,1982,4245000,516109
1826,WA,1983,4300000,506700
1827,WA,1984,4349000,513050
1828,WA,1985,4409000,556955
1829,WA,1986,4463000,594575
1830,WA,1987,4538000,616927
1831,WA,1988,4619000,635559
1832,WA,1989,4761000,605404
1833,WI,1996,5160000,381325
1834,WI,1997,5170000,366278
1835,WI,1998,5224000,357177
1836,WI,1999,5250446,333216
1837,WI,2000,5363675,331548
1838,WI,2001,5405947,346334
1839,WI,2002,5439692,341736
1840,WI,2003,5474290,327472
1841,WI,2004,5503533,304968
1842,WI,2005,5527644,308479
1843,WI,2006,5556506,329395
1844,WI,2007,5601640,335833
1845,WI,2008,5627967,327275
1846,WI,2009,5654774,310917
1847,WI,2010,5691659,300405
1848,WI,2011,5709843,294780
1849,WI,2012,5724554,298545
1850,WI,1995,5123000,383729
1851,WI,2016,5772917,242089
1852,WI,2017,5795483,228730
1853,WI,2014,5759432,258386
1854,WI,2015,5767891,246375
1855,WI,2013,5742953,268160
1856,WI,1979,4720000,406385
1857,WI,1980,4680917,440692
1858,WI,1981,4739000,442898
1859,WI,1982,4765000,413971
1860,WI,1983,4751000,395306
1861,WI,1984,4766000,388335
1862,WI,1985,4775000,373716
1863,WI,1986,4785000,379723
1864,WI,1987,4807000,388836
1865,WI,1988,4858000,375504
1866,WI,1989,4867000,394572
1867,WI,1990,4891769,417052
1868,WI,1991,4955000,428843
1869,WI,1992,5007000,418702
1870,WI,1993,5038000,395167
1871,WI,1994,5082000,387156
1872,WV,1979,1878000,84182
1873,WV,1996,1826000,86856
1874,WV,1997,1816000,85707
1875,WV,1998,1811000,87757
1876,WV,1999,1806928,91986
1877,WV,2000,1808344,88411
1878,WV,2001,1800975,87205
1879,WV,2002,1804884,86419
1880,WV,2003,1811440,89367
1881,WV,2004,1812548,97762
1882,WV,2005,1814083,100482
1883,WV,2006,1818470,100995
1884,WV,2007,1812035,96719
1885,WV,2008,1814468,97319
1886,WV,2009,1819777,98355
1887,WV,2010,1854368,88492
1888,WV,2011,1854908,83776
1889,WV,2012,1856680,95293
1890,WV,2013,1853595,85731
1891,WV,1995,1828000,86028
1892,WV,2016,1828637,81436
1893,WV,2017,1815857,73847
1894,WV,2014,1848751,82604
1895,WV,2015,1841053,84000
1896,WV,1980,1930787,94985
1897,WV,1981,1951000,98772
1898,WV,1982,1948000,94433
1899,WV,1983,1965000,91691
1900,WV,1984,1952000,87909
1901,WV,1985,1936000,84016
1902,WV,1986,1919000,85758
1903,WV,1987,1897000,80511
1904,WV,1988,1884000,81882
1905,WV,1989,1857000,85032
1906,WV,1990,1793477,86746
1907,WV,1991,1801000,92496
1908,WV,1992,1812000,90743
1909,WV,1993,1820000,88393
1910,WV,1994,1822000,88203
1911,WY,1996,481000,39723
1912,WY,1997,480000,38911
1913,WY,1998,481000,35439
1914,WY,1999,479602,32051
1915,WY,2000,493782,31254
1916,WY,2001,493754,33512
1917,WY,2002,498830,34352
1918,WY,2003,502111,34610
1919,WY,2004,505887,34941
1920,WY,2005,508798,33312
1921,WY,2006,515004,32069
1922,WY,2007,522830,31523
1923,WY,2008,532668,30470
1924,WY,2009,544270,29746
1925,WY,2010,564554,28926
1926,WY,2011,567356,27059
1927,WY,2012,576626,27704
1928,WY,1995,480000,40254
1929,WY,2016,584910,24394
1930,WY,2017,579315,22632
1931,WY,2015,586555,23653
1932,WY,2013,583223,26875
1933,WY,2014,584304,24135
1934,WY,1979,450000,41837
1935,WY,1980,468954,44927
1936,WY,1981,492000,48382
1937,WY,1982,502000,46705
1938,WY,1983,514000,40043
1939,WY,1984,511000,36401
1940,WY,1985,509000,39567
1941,WY,1986,507000,42696
1942,WY,1987,490000,38119
1943,WY,1988,471000,35891
1944,WY,1989,475000,35719
1945,WY,1990,453588,36831
1946,WY,1991,460000,38951
1947,WY,1992,466000,41151
1948,WY,1993,470000,37787
1949,WY,1994,476000,39541
